article,question,question_chars,question_words
╨º╤é╨╛ ╤é╨░╨║╨╛╨╡ ╨₧╨ñ╨ù,Что такое облигации федерального займа (ОФЗ)?,45,6
╨º╤é╨╛ ╤é╨░╨║╨╛╨╡ ╨₧╨ñ╨ù,Какие виды ОФЗ существуют?,26,4
╨º╤é╨╛ ╤é╨░╨║╨╛╨╡ ╨₧╨ñ╨ù,Какая доходность у ОФЗ?,23,4
╨º╤é╨╛ ╤é╨░╨║╨╛╨╡ ╨₧╨ñ╨ù,Как купить ОФЗ?,15,3
╨º╤é╨╛ ╤é╨░╨║╨╛╨╡ ╨₧╨ñ╨ù,Какие риски существуют при инвестировании в ОФЗ?,48,7
╨ó╨╡╤Ç╨╝╨╕╨╜╨░╨╗ ╨óΓüá-Γüá╨ÿ╨╜╨▓╨╡╤ü╤é╨╕╤å╨╕╨╕╠å,**Что такое терминал Т⁠-⁠Инвестиций и зачем он нужен?**,55,8
╨ó╨╡╤Ç╨╝╨╕╨╜╨░╨╗ ╨óΓüá-Γüá╨ÿ╨╜╨▓╨╡╤ü╤é╨╕╤å╨╕╨╕╠å,**Как скачать терминал Т⁠-⁠Инвестиций на компьютер?**,53,6
╨ó╨╡╤Ç╨╝╨╕╨╜╨░╨╗ ╨óΓüá-Γüá╨ÿ╨╜╨▓╨╡╤ü╤é╨╕╤å╨╕╨╕╠å,**Как выглядит верхняя панель терминала и какие функции она выполняет?**,72,10
╨ó╨╡╤Ç╨╝╨╕╨╜╨░╨╗ ╨óΓüá-Γüá╨ÿ╨╜╨▓╨╡╤ü╤é╨╕╤å╨╕╨╕╠å,**Как в терминале выбрать активы для биржевой торговли и настроить уведомления об изменении цены актива?**,106,15
╨ó╨╡╤Ç╨╝╨╕╨╜╨░╨╗ ╨óΓüá-Γüá╨ÿ╨╜╨▓╨╡╤ü╤é╨╕╤å╨╕╨╕╠å,,0,0
╨Ü╨░╨║╨╕╨╡ ╨┤╨╛╨║╤â╨╝╨╡╨╜╤é╤ï ╨╜╤â╨╢╨╜╤ï ╨┐╤Ç╨╕ ╨┐╨╛╨┤╨░╤ç╨╡ ╨┤╨╡╨║╨╗╨░╤Ç╨░╤å╨╕╨╕ 3Γüá-Γüá╨¥╨ö╨ñ╨¢,Какие документы подтверждают доходы в пределах Российской Федерации?,68,8
╨Ü╨░╨║╨╕╨╡ ╨┤╨╛╨║╤â╨╝╨╡╨╜╤é╤ï ╨╜╤â╨╢╨╜╤ï ╨┐╤Ç╨╕ ╨┐╨╛╨┤╨░╤ç╨╡ ╨┤╨╡╨║╨╗╨░╤Ç╨░╤å╨╕╨╕ 3Γüá-Γüá╨¥╨ö╨ñ╨¢,Какие документы подтверждают доходы за пределами Российской Федерации?,70,8
╨Ü╨░╨║╨╕╨╡ ╨┤╨╛╨║╤â╨╝╨╡╨╜╤é╤ï ╨╜╤â╨╢╨╜╤ï ╨┐╤Ç╨╕ ╨┐╨╛╨┤╨░╤ç╨╡ ╨┤╨╡╨║╨╗╨░╤Ç╨░╤å╨╕╨╕ 3Γüá-Γüá╨¥╨ö╨ñ╨¢,Какие документы нужно приложить к декларации 3-НДФЛ для получения налогового вычета?,84,11
╨Ü╨░╨║╨╕╨╡ ╨┤╨╛╨║╤â╨╝╨╡╨╜╤é╤ï ╨╜╤â╨╢╨╜╤ï ╨┐╤Ç╨╕ ╨┐╨╛╨┤╨░╤ç╨╡ ╨┤╨╡╨║╨╗╨░╤Ç╨░╤å╨╕╨╕ 3Γüá-Γüá╨¥╨ö╨ñ╨¢,"Какие документы подтверждают покупку имущества, если вы претендуете на имущественный налоговый вычет?",101,12
╨Ü╨░╨║╨╕╨╡ ╨┤╨╛╨║╤â╨╝╨╡╨╜╤é╤ï ╨╜╤â╨╢╨╜╤ï ╨┐╤Ç╨╕ ╨┐╨╛╨┤╨░╤ç╨╡ ╨┤╨╡╨║╨╗╨░╤Ç╨░╤å╨╕╨╕ 3Γüá-Γüá╨¥╨ö╨ñ╨¢,"Какие документы подтверждают расходы на лечение или обучение, если вы претендуете на социальный налоговый вычет?",112,15
╨Æ╨╕╨┤╤ï ╨▒╨╕╤Ç╨╢,**Что такое фондовая биржа и как она работает?**,48,8
╨Æ╨╕╨┤╤ï ╨▒╨╕╤Ç╨╢,**Какие виды сделок доступны на фондовой бирже?**,49,7
╨Æ╨╕╨┤╤ï ╨▒╨╕╤Ç╨╢,**Что такое срочный рынок и как он работает?**,46,8
╨Æ╨╕╨┤╤ï ╨▒╨╕╤Ç╨╢,**Что такое внебиржевой рынок и как он отличается от биржевого?**,65,10
╨Æ╨╕╨┤╤ï ╨▒╨╕╤Ç╨╢,**Какие преимущества фондовой биржи делают её привлекательной для частных инвесторов?**,87,10
╨Ü╨░╨║ ╤ç╨╕╤é╨░╤é╤î ╨╜╨░╨╗╨╛╨│╨╛╨▓╤ï╨╕╠å ╨╛╤é╤ç╨╡╤é ╨╛╤é ╨óΓüá-Γüá╨ÿ╨╜╨▓╨╡╤ü╤é╨╕╤å╨╕╨╕╠å,**Что такое налоговый отчет и зачем он нужен инвестору?**,57,9
╨Ü╨░╨║ ╤ç╨╕╤é╨░╤é╤î ╨╜╨░╨╗╨╛╨│╨╛╨▓╤ï╨╕╠å ╨╛╤é╤ç╨╡╤é ╨╛╤é ╨óΓüá-Γüá╨ÿ╨╜╨▓╨╡╤ü╤é╨╕╤å╨╕╨╕╠å,**Как скачать налоговый отчет в приложении Т⁠-⁠Инвестиций?**,60,7
╨Ü╨░╨║ ╤ç╨╕╤é╨░╤é╤î ╨╜╨░╨╗╨╛╨│╨╛╨▓╤ï╨╕╠å ╨╛╤é╤ç╨╡╤é ╨╛╤é ╨óΓüá-Γüá╨ÿ╨╜╨▓╨╡╤ü╤é╨╕╤å╨╕╨╕╠å,**Какие разделы содержит налоговый отчет?**,43,5
╨Ü╨░╨║ ╤ç╨╕╤é╨░╤é╤î ╨╜╨░╨╗╨╛╨│╨╛╨▓╤ï╨╕╠å ╨╛╤é╤ç╨╡╤é ╨╛╤é ╨óΓüá-Γüá╨ÿ╨╜╨▓╨╡╤ü╤é╨╕╤å╨╕╨╕╠å,**Какие данные содержит вкладка «Итоговые расчеты»?**,53,6
╨Ü╨╛╨╝╨╕╤ü╤ü╨╕╨╕ ╨╕ ╨╜╨░╨╗╨╛╨│╨╕ ╨┐╤Ç╨╕ ╨░╨▓╤é╨╛╤ü╨╗╨╡╨┤╨╛╨▓╨░╨╜╨╕╨╕,Какие комиссии взимаются при автоследовании и как они рассчитываются?,69,9
╨Ü╨╛╨╝╨╕╤ü╤ü╨╕╨╕ ╨╕ ╨╜╨░╨╗╨╛╨│╨╕ ╨┐╤Ç╨╕ ╨░╨▓╤é╨╛╤ü╨╗╨╡╨┤╨╛╨▓╨░╨╜╨╕╨╕,Как рассчитывается комиссия за следование?,42,5
╨Ü╨╛╨╝╨╕╤ü╤ü╨╕╨╕ ╨╕ ╨╜╨░╨╗╨╛╨│╨╕ ╨┐╤Ç╨╕ ╨░╨▓╤é╨╛╤ü╨╗╨╡╨┤╨╛╨▓╨░╨╜╨╕╨╕,Как рассчитывается комиссия за результат?,41,5
╨Ü╨╛╨╝╨╕╤ü╤ü╨╕╨╕ ╨╕ ╨╜╨░╨╗╨╛╨│╨╕ ╨┐╤Ç╨╕ ╨░╨▓╤é╨╛╤ü╨╗╨╡╨┤╨╛╨▓╨░╨╜╨╕╨╕,Какие налоги взимаются с дохода от автоследования?,50,7
"╨í╨╗╤â╤ç╨░╨╕, ╨║╨╛╨│╨┤╨░ ╨▒╤Ç╨╛╨║╨╡╤Ç ╤â╨┤╨╡╤Ç╨╢╨╕╨▓╨░╨╡╤é ╨╜╨░╨╗╨╛╨│ ╨░╨▓╤é╨╛╨╝╨░╤é╨╕╤ç╨╡╤ü╨║╨╕",**Как именно брокер удерживает налог автоматически с брокерского счета в конце года?**,86,12
"╨í╨╗╤â╤ç╨░╨╕, ╨║╨╛╨│╨┤╨░ ╨▒╤Ç╨╛╨║╨╡╤Ç ╤â╨┤╨╡╤Ç╨╢╨╕╨▓╨░╨╡╤é ╨╜╨░╨╗╨╛╨│ ╨░╨▓╤é╨╛╨╝╨░╤é╨╕╤ç╨╡╤ü╨║╨╕","**Как узнать сумму налога, удержанного брокером в конце года?**",63,9
"╨í╨╗╤â╤ç╨░╨╕, ╨║╨╛╨│╨┤╨░ ╨▒╤Ç╨╛╨║╨╡╤Ç ╤â╨┤╨╡╤Ç╨╢╨╕╨▓╨░╨╡╤é ╨╜╨░╨╗╨╛╨│ ╨░╨▓╤é╨╛╨╝╨░╤é╨╕╤ç╨╡╤ü╨║╨╕",**Когда именно брокер удерживает налог с брокерского счета в конце года?**,74,11
"╨í╨╗╤â╤ç╨░╨╕, ╨║╨╛╨│╨┤╨░ ╨▒╤Ç╨╛╨║╨╡╤Ç ╤â╨┤╨╡╤Ç╨╢╨╕╨▓╨░╨╡╤é ╨╜╨░╨╗╨╛╨│ ╨░╨▓╤é╨╛╨╝╨░╤é╨╕╤ç╨╡╤ü╨║╨╕","**Как влияют на расчет налога Инвесткопилка, маржинальная торговля и другие факторы?**",86,11
"╨í╨╗╤â╤ç╨░╨╕, ╨║╨╛╨│╨┤╨░ ╨▒╤Ç╨╛╨║╨╡╤Ç ╤â╨┤╨╡╤Ç╨╢╨╕╨▓╨░╨╡╤é ╨╜╨░╨╗╨╛╨│ ╨░╨▓╤é╨╛╨╝╨░╤é╨╕╤ç╨╡╤ü╨║╨╕","**Нужно ли платить налог, если его уже удерживали в течение года?**",67,11
╨ÿ╨╜╤ü╤é╤Ç╤â╨╝╨╡╨╜╤é╤ï ╤ü ╨▓╤ï╤ü╨╛╨║╨╕╨╝ ╤Ç╨╕╤ü╨║╨╛╨╝,Какие основные банковские продукты и услуги доступны частным лицам в Т‑Банке?,77,11
╨ÿ╨╜╤ü╤é╤Ç╤â╨╝╨╡╨╜╤é╤ï ╤ü ╨▓╤ï╤ü╨╛╨║╨╕╨╝ ╤Ç╨╕╤ü╨║╨╛╨╝,Какие банковские продукты и услуги доступны малому и среднему бизнесу в Т‑Банке?,80,12
╨ÿ╨╜╤ü╤é╤Ç╤â╨╝╨╡╨╜╤é╤ï ╤ü ╨▓╤ï╤ü╨╛╨║╨╕╨╝ ╤Ç╨╕╤ü╨║╨╛╨╝,Какие услуги и продукты доступны в рамках премиального уровня сервиса в Т‑Банке?,80,12
╨º╤é╨╛ ╤é╨░╨║╨╛╨╡ ╨▒╨╕╤Ç╨╢╨░,Что такое биржа?,16,3
╨º╤é╨╛ ╤é╨░╨║╨╛╨╡ ╨▒╨╕╤Ç╨╢╨░,Какие услуги предоставляет банк физическим лицам?,49,6
╨º╤é╨╛ ╤é╨░╨║╨╛╨╡ ╨▒╨╕╤Ç╨╢╨░,Какие услуги предоставляются юридическим лицам и малому бизнесу?,64,8
╨º╤é╨╛ ╤é╨░╨║╨╛╨╡ ╨▒╨╕╤Ç╨╢╨░,Какие виды инвестиций доступны физическим лицам?,48,6
╨º╤é╨╛ ╤é╨░╨║╨╛╨╡ ╨▒╨╕╤Ç╨╢╨░,Какие дополнительные услуги и сервисы предоставляет банк?,57,7
╨Ü╨░╨║ ╨┐╨╛╨╗╤î╨╖╨╛╨▓╨░╤é╤î╤ü╤Å ╨ÿ╨╜╨▓╨╡╤ü╤é╨║╨╛╨┐╨╕╨╗╨║╨╛╨╕╠å ╤ü ╨╝╨░╨║╤ü╨╕╨╝╨░╨╗╤î╨╜╨╛╨╕╠å ╨▓╤ï╨│╨╛╨┤╨╛╨╕╠å,**Что такое Инвесткопилка и как она работает?**,47,7
╨Ü╨░╨║ ╨┐╨╛╨╗╤î╨╖╨╛╨▓╨░╤é╤î╤ü╤Å ╨ÿ╨╜╨▓╨╡╤ü╤é╨║╨╛╨┐╨╕╨╗╨║╨╛╨╕╠å ╤ü ╨╝╨░╨║╤ü╨╕╨╝╨░╨╗╤î╨╜╨╛╨╕╠å ╨▓╤ï╨│╨╛╨┤╨╛╨╕╠å,"**Как узнать, сколько денег я заработал с помощью Инвесткопилки?**",66,9
╨Ü╨░╨║ ╨┐╨╛╨╗╤î╨╖╨╛╨▓╨░╤é╤î╤ü╤Å ╨ÿ╨╜╨▓╨╡╤ü╤é╨║╨╛╨┐╨╕╨╗╨║╨╛╨╕╠å ╤ü ╨╝╨░╨║╤ü╨╕╨╝╨░╨╗╤î╨╜╨╛╨╕╠å ╨▓╤ï╨│╨╛╨┤╨╛╨╕╠å,**Почему Инвесткопилка может уйти в минус и что делать в такой ситуации?**,74,12
╨Ü╨░╨║ ╨┐╨╛╨╗╤î╨╖╨╛╨▓╨░╤é╤î╤ü╤Å ╨ÿ╨╜╨▓╨╡╤ü╤é╨║╨╛╨┐╨╕╨╗╨║╨╛╨╕╠å ╤ü ╨╝╨░╨║╤ü╨╕╨╝╨░╨╗╤î╨╜╨╛╨╕╠å ╨▓╤ï╨│╨╛╨┤╨╛╨╕╠å,**Как вывести деньги из Инвесткопилки и какие налоги удерживаются при этом?**,77,11
╨Ü╨░╨║ ╨┐╨╛╨╗╤î╨╖╨╛╨▓╨░╤é╤î╤ü╤Å ╨ÿ╨╜╨▓╨╡╤ü╤é╨║╨╛╨┐╨╕╨╗╨║╨╛╨╕╠å ╤ü ╨╝╨░╨║╤ü╨╕╨╝╨░╨╗╤î╨╜╨╛╨╕╠å ╨▓╤ï╨│╨╛╨┤╨╛╨╕╠å,**Как получить максимум выгоды от Инвесткопилки?**,50,6
╨ö╨╡╨┐╨╛╨╖╨╕╤é╨░╤Ç╨╜╤ï╨╡ ╨┐╨╡╤Ç╨╡╨▓╨╛╨┤╤ï,**Что такое депозитарный перевод ценных бумаг и зачем он нужен?**,65,10
╨ö╨╡╨┐╨╛╨╖╨╕╤é╨░╤Ç╨╜╤ï╨╡ ╨┐╨╡╤Ç╨╡╨▓╨╛╨┤╤ï,**Какие документы и информация нужны для депозитарного перевода ценных бумаг?**,79,10
╨ö╨╡╨┐╨╛╨╖╨╕╤é╨░╤Ç╨╜╤ï╨╡ ╨┐╨╡╤Ç╨╡╨▓╨╛╨┤╤ï,**Как происходит процесс депозитарного перевода ценных бумаг?**,63,7
╨ö╨╡╨┐╨╛╨╖╨╕╤é╨░╤Ç╨╜╤ï╨╡ ╨┐╨╡╤Ç╨╡╨▓╨╛╨┤╤ï,**Какие риски существуют при депозитарном переводе ценных бумаг?**,66,8
╨ö╨╡╨┐╨╛╨╖╨╕╤é╨░╤Ç╨╜╤ï╨╡ ╨┐╨╡╤Ç╨╡╨▓╨╛╨┤╤ï,**Как долго занимает процесс депозитарного перевода ценных бумаг?**,67,8
╨Ü╨░╨║ ╤â╤ü╤é╤Ç╨╛╨╡╨╜ ╤ä╤î╤Ä╤ç╨╡╤Ç╤ü╨╜╤ï╨╕╠å ╤Ç╤ï╨╜╨╛╨║,Что такое фьючерсный контракт?,30,4
╨Ü╨░╨║ ╤â╤ü╤é╤Ç╨╛╨╡╨╜ ╤ä╤î╤Ä╤ç╨╡╤Ç╤ü╨╜╤ï╨╕╠å ╤Ç╤ï╨╜╨╛╨║,Какие виды фьючерсов существуют на Московской бирже?,52,7
╨Ü╨░╨║ ╤â╤ü╤é╤Ç╨╛╨╡╨╜ ╤ä╤î╤Ä╤ç╨╡╤Ç╤ü╨╜╤ï╨╕╠å ╤Ç╤ï╨╜╨╛╨║,Какие риски существуют при торговле фьючерсами?,47,6
╨Ü╨░╨║ ╤â╤ü╤é╤Ç╨╛╨╡╨╜ ╤ä╤î╤Ä╤ç╨╡╤Ç╤ü╨╜╤ï╨╕╠å ╤Ç╤ï╨╜╨╛╨║,Что такое маржин-колл?,22,3
╨Ü╨░╨║ ╤â╤ü╤é╤Ç╨╛╨╡╨╜ ╤ä╤î╤Ä╤ç╨╡╤Ç╤ü╨╜╤ï╨╕╠å ╤Ç╤ï╨╜╨╛╨║,Как работает кредитное плечо при торговле фьючерсами?,53,7
╨º╤é╨╛ ╤é╨░╨║╨╛╨╡ ╨ƒ╤â╨╗╤î╤ü,**Что такое социальная сеть «Пульс» и для чего она предназначена?**,67,10
╨º╤é╨╛ ╤é╨░╨║╨╛╨╡ ╨ƒ╤â╨╗╤î╤ü,**Как зарегистрироваться в социальной сети «Пульс»?**,53,6
╨º╤é╨╛ ╤é╨░╨║╨╛╨╡ ╨ƒ╤â╨╗╤î╤ü,**Какие типы профилей доступны в социальной сети «Пульс»?**,59,8
╨º╤é╨╛ ╤é╨░╨║╨╛╨╡ ╨ƒ╤â╨╗╤î╤ü,**Какие настройки доступны для профиля в социальной сети «Пульс»?**,67,9
╨º╤é╨╛ ╤é╨░╨║╨╛╨╡ ╨ƒ╤â╨╗╤î╤ü,**Почему мой пост не опубликовали в социальной сети «Пульс»?**,62,9
╨Ü╨░╨║ ╤ç╨╕╤é╨░╤é╤î ╨▒╤Ç╨╛╨║╨╡╤Ç╤ü╨║╨╕╨╕╠å ╨╛╤é╤ç╨╡╤é ╨╛╤é ╨óΓüá-Γüá╨ÿ╨╜╨▓╨╡╤ü╤é╨╕╤å╨╕╨╕╠å,**Что такое брокерский отчет и зачем он нужен?**,48,8
╨Ü╨░╨║ ╤ç╨╕╤é╨░╤é╤î ╨▒╤Ç╨╛╨║╨╡╤Ç╤ü╨║╨╕╨╕╠å ╨╛╤é╤ç╨╡╤é ╨╛╤é ╨óΓüá-Γüá╨ÿ╨╜╨▓╨╡╤ü╤é╨╕╤å╨╕╨╕╠å,**Как заказать брокерский отчет в Т⁠-⁠Инвестициях?**,52,6
╨Ü╨░╨║ ╤ç╨╕╤é╨░╤é╤î ╨▒╤Ç╨╛╨║╨╡╤Ç╤ü╨║╨╕╨╕╠å ╨╛╤é╤ç╨╡╤é ╨╛╤é ╨óΓüá-Γüá╨ÿ╨╜╨▓╨╡╤ü╤é╨╕╤å╨╕╨╕╠å,**Что такое сделки РЕПО и зачем они нужны?**,44,8
╨Ü╨░╨║ ╤ç╨╕╤é╨░╤é╤î ╨▒╤Ç╨╛╨║╨╡╤Ç╤ü╨║╨╕╨╕╠å ╨╛╤é╤ç╨╡╤é ╨╛╤é ╨óΓüá-Γüá╨ÿ╨╜╨▓╨╡╤ü╤é╨╕╤å╨╕╨╕╠å,**Что такое овернайт на брокерском счете и как его включить или выключить?**,76,12
╨Ü╨╛╨╝╨╕╤ü╤ü╨╕╨╕ ╨╕ ╨╜╨░╨╗╨╛╨│╨╕ ╨▓ ╨┐╨╛╤Ç╤é╤ä╨╡╨╗╤î╨╜╨╛╨╝ ╨╕╨╜╨▓╨╡╤ü╤é╨╕╤Ç╨╛╨▓╨░╨╜╨╕╨╕,Какие комиссии предусмотрены при использовании счета «Портфельное инвестирование»?,82,8
╨Ü╨╛╨╝╨╕╤ü╤ü╨╕╨╕ ╨╕ ╨╜╨░╨╗╨╛╨│╨╕ ╨▓ ╨┐╨╛╤Ç╤é╤ä╨╡╨╗╤î╨╜╨╛╨╝ ╨╕╨╜╨▓╨╡╤ü╤é╨╕╤Ç╨╛╨▓╨░╨╜╨╕╨╕,Как рассчитывается комиссия за следование?,42,5
╨Ü╨╛╨╝╨╕╤ü╤ü╨╕╨╕ ╨╕ ╨╜╨░╨╗╨╛╨│╨╕ ╨▓ ╨┐╨╛╤Ç╤é╤ä╨╡╨╗╤î╨╜╨╛╨╝ ╨╕╨╜╨▓╨╡╤ü╤é╨╕╤Ç╨╛╨▓╨░╨╜╨╕╨╕,Какие особенности учета активов и налогов при портфельном инвестировании?,73,9
╨Ü╨╛╨╝╨╕╤ü╤ü╨╕╨╕ ╨╕ ╨╜╨░╨╗╨╛╨│╨╕ ╨▓ ╨┐╨╛╤Ç╤é╤ä╨╡╨╗╤î╨╜╨╛╨╝ ╨╕╨╜╨▓╨╡╤ü╤é╨╕╤Ç╨╛╨▓╨░╨╜╨╕╨╕,"Что происходит, если на счете портфельного инвестирования и обычном брокерском счете есть акции одних и тех же компаний?",120,18
╨Ü╨╛╨╝╨╕╤ü╤ü╨╕╨╕ ╨╕ ╨╜╨░╨╗╨╛╨│╨╕ ╨▓ ╨┐╨╛╤Ç╤é╤ä╨╡╨╗╤î╨╜╨╛╨╝ ╨╕╨╜╨▓╨╡╤ü╤é╨╕╤Ç╨╛╨▓╨░╨╜╨╕╨╕,Как происходит автоматическое удержание налога с инвестиций в конце года?,73,10
╨í╨░╨╗╤î╨┤╨╕╤Ç╨╛╨▓╨░╨╜╨╕╨╡ ╤ä╨╕╨╜╨░╨╜╤ü╨╛╨▓╤ï╤à ╤Ç╨╡╨╖╤â╨╗╤î╤é╨░╤é╨╛╨▓ ╨╜╨░ ╤ü╤ç╨╡╤é╨░╤à ╤â ╤Ç╨░╨╖╨╜╤ï╤à ╨▒╤Ç╨╛╨║╨╡╤Ç╨╛╨▓ ╨╕ ╨┐╨╡╤Ç╨╡╨╜╨╛╤ü ╤â╨▒╤ï╤é╨║╨╛╨▓ ╨┐╤Ç╨╛╤ê╨╗╤ï╤à ╨╗╨╡╤é,**Что такое сальдирование финансовых результатов на фондовом рынке?**,69,8
╨í╨░╨╗╤î╨┤╨╕╤Ç╨╛╨▓╨░╨╜╨╕╨╡ ╤ä╨╕╨╜╨░╨╜╤ü╨╛╨▓╤ï╤à ╤Ç╨╡╨╖╤â╨╗╤î╤é╨░╤é╨╛╨▓ ╨╜╨░ ╤ü╤ç╨╡╤é╨░╤à ╤â ╤Ç╨░╨╖╨╜╤ï╤à ╨▒╤Ç╨╛╨║╨╡╤Ç╨╛╨▓ ╨╕ ╨┐╨╡╤Ç╨╡╨╜╨╛╤ü ╤â╨▒╤ï╤é╨║╨╛╨▓ ╨┐╤Ç╨╛╤ê╨╗╤ï╤à ╨╗╨╡╤é,**Как провести сальдирование и вернуть излишне уплаченный налог?**,66,8
╨í╨░╨╗╤î╨┤╨╕╤Ç╨╛╨▓╨░╨╜╨╕╨╡ ╤ä╨╕╨╜╨░╨╜╤ü╨╛╨▓╤ï╤à ╤Ç╨╡╨╖╤â╨╗╤î╤é╨░╤é╨╛╨▓ ╨╜╨░ ╤ü╤ç╨╡╤é╨░╤à ╤â ╤Ç╨░╨╖╨╜╤ï╤à ╨▒╤Ç╨╛╨║╨╡╤Ç╨╛╨▓ ╨╕ ╨┐╨╡╤Ç╨╡╨╜╨╛╤ü ╤â╨▒╤ï╤é╨║╨╛╨▓ ╨┐╤Ç╨╛╤ê╨╗╤ï╤à ╨╗╨╡╤é,**Какие ограничения и правила существуют при сальдировании на фондовом рынке?**,79,10
╨í╨░╨╗╤î╨┤╨╕╤Ç╨╛╨▓╨░╨╜╨╕╨╡ ╤ä╨╕╨╜╨░╨╜╤ü╨╛╨▓╤ï╤à ╤Ç╨╡╨╖╤â╨╗╤î╤é╨░╤é╨╛╨▓ ╨╜╨░ ╤ü╤ç╨╡╤é╨░╤à ╤â ╤Ç╨░╨╖╨╜╤ï╤à ╨▒╤Ç╨╛╨║╨╡╤Ç╨╛╨▓ ╨╕ ╨┐╨╡╤Ç╨╡╨╜╨╛╤ü ╤â╨▒╤ï╤é╨║╨╛╨▓ ╨┐╤Ç╨╛╤ê╨╗╤ï╤à ╨╗╨╡╤é,**Какие документы нужны для сальдирования?**,44,5
╨º╤é╨╛ ╤é╨░╨║╨╛╨╡ ╤ä╨╛╨╜╨┤╤ï ETF ╨╕ ╨æ╨ƒ╨ÿ╨ñ,Что такое ETF?,14,3
╨º╤é╨╛ ╤é╨░╨║╨╛╨╡ ╤ä╨╛╨╜╨┤╤ï ETF ╨╕ ╨æ╨ƒ╨ÿ╨ñ,В чем отличие БПИФ от ETF?,26,6
╨º╤é╨╛ ╤é╨░╨║╨╛╨╡ ╤ä╨╛╨╜╨┤╤ï ETF ╨╕ ╨æ╨ƒ╨ÿ╨ñ,Что такое закрытые ПИФы?,24,4
╨º╤é╨╛ ╤é╨░╨║╨╛╨╡ ╤ä╨╛╨╜╨┤╤ï ETF ╨╕ ╨æ╨ƒ╨ÿ╨ñ,Какие преимущества у фондов ETF и БПИФ?,39,7
╨º╤é╨╛ ╤é╨░╨║╨╛╨╡ ╤ä╨╛╨╜╨┤╤ï ETF ╨╕ ╨æ╨ƒ╨ÿ╨ñ,Что такое биржевой индекс и бенчмарк?,37,6
╨Ü╨░╨║ ╨╖╨░╨║╨╗╤Ä╤ç╨░╤é╤î ╤ü╨┤╨╡╨╗╨║╨╕ ╨▓ ╤é╨╡╤Ç╨╝╨╕╨╜╨░╨╗╨╡,Как выставить рыночную заявку в терминале Т-Инвестиций?,55,7
╨Ü╨░╨║ ╨╖╨░╨║╨╗╤Ä╤ç╨░╤é╤î ╤ü╨┤╨╡╨╗╨║╨╕ ╨▓ ╤é╨╡╤Ç╨╝╨╕╨╜╨░╨╗╨╡,Что такое лимитная заявка и как её выставить в терминале Т-Инвестиций?,70,11
╨Ü╨░╨║ ╨╖╨░╨║╨╗╤Ä╤ç╨░╤é╤î ╤ü╨┤╨╡╨╗╨║╨╕ ╨▓ ╤é╨╡╤Ç╨╝╨╕╨╜╨░╨╗╨╡,Какие виды отложенных заявок доступны в терминале Т-Инвестиций и как они работают?,82,12
╨Ü╨░╨║ ╨╛╤é╨║╤Ç╤ï╤é╤î ╨▒╤Ç╨╛╨║╨╡╤Ç╤ü╨║╨╕╨╕╠å ╤ü╤ç╨╡╤é,**Какие документы нужны для открытия брокерского счета несовершеннолетнему в возрасте от 14 до 18 лет?**,104,15
╨Ü╨░╨║ ╨╛╤é╨║╤Ç╤ï╤é╤î ╨▒╤Ç╨╛╨║╨╡╤Ç╤ü╨║╨╕╨╕╠å ╤ü╤ç╨╡╤é,**Можно ли открыть брокерский счет нерезиденту РФ?**,52,7
╨Ü╨░╨║ ╨╛╤é╨║╤Ç╤ï╤é╤î ╨▒╤Ç╨╛╨║╨╡╤Ç╤ü╨║╨╕╨╕╠å ╤ü╤ç╨╡╤é,**Сколько брокерских счетов можно открыть одному физическому лицу в Т‑Инвестициях?**,84,10
╨Ü╨░╨║ ╨╛╤é╨║╤Ç╤ï╤é╤î ╨▒╤Ç╨╛╨║╨╡╤Ç╤ü╨║╨╕╨╕╠å ╤ü╤ç╨╡╤é,**Как несовершеннолетнему открыть брокерский счет с 14 до 18 лет?**,67,10
╨Ü╨░╨║ ╨╛╤é╨║╤Ç╤ï╤é╤î ╨▒╤Ç╨╛╨║╨╡╤Ç╤ü╨║╨╕╨╕╠å ╤ü╤ç╨╡╤é,**Какие ограничения действуют для брокерского счета несовершеннолетних в возрасте от 14 до 18 лет?**,100,14
╨Æ╨╡╤é╨╡╤Ç ╨┐╨╡╤Ç╨╡╨╝╨╡╨╜: ╤ç╤é╨╛ ╨┤╨╡╨╗╨░╤é╤î ╨╕╨╜╨▓╨╡╤ü╤é╨╛╤Ç╤â,**Что такое кризис «Между Сциллой и Харибдой»?**,48,7
╨Æ╨╡╤é╨╡╤Ç ╨┐╨╡╤Ç╨╡╨╝╨╡╨╜: ╤ç╤é╨╛ ╨┤╨╡╨╗╨░╤é╤î ╨╕╨╜╨▓╨╡╤ü╤é╨╛╤Ç╤â,**Почему в статье упоминается Россия?**,39,5
╨Æ╨╡╤é╨╡╤Ç ╨┐╨╡╤Ç╨╡╨╝╨╡╨╜: ╤ç╤é╨╛ ╨┤╨╡╨╗╨░╤é╤î ╨╕╨╜╨▓╨╡╤ü╤é╨╛╤Ç╤â,**Как вести себя инвестору в условиях кризиса?**,48,7
╨Æ╨╡╤é╨╡╤Ç ╨┐╨╡╤Ç╨╡╨╝╨╡╨╜: ╤ç╤é╨╛ ╨┤╨╡╨╗╨░╤é╤î ╨╕╨╜╨▓╨╡╤ü╤é╨╛╤Ç╤â,**Что значит «разобрались в устройстве кризиса»?**,50,6
╨Ü╨░╨║ ╨┐╨╛╨┐╨╛╨╗╨╜╨╕╤é╤î ╤ü╤ç╨╡╤é,**Как пополнить индивидуальный инвестиционный счет (ИИС)?**,59,6
╨Ü╨░╨║ ╨┐╨╛╨┐╨╛╨╗╨╜╨╕╤é╤î ╤ü╤ç╨╡╤é,**Можно ли пополнить ИИС с карты другого банка?**,49,8
╨Ü╨░╨║ ╨┐╨╛╨┐╨╛╨╗╨╜╨╕╤é╤î ╤ü╤ç╨╡╤é,**Есть ли комиссия за пополнение ИИС?**,39,6
╨Ü╨░╨║ ╨┐╨╛╨┐╨╛╨╗╨╜╨╕╤é╤î ╤ü╤ç╨╡╤é,**Какая максимальная сумма пополнения ИИС?**,44,5
╨Ü╨░╨║ ╨┐╨╛╨┐╨╛╨╗╨╜╨╕╤é╤î ╤ü╤ç╨╡╤é,**Можно ли перевести бумаги с брокерского счета на ИИС?**,57,9
╨Æ╨╕╤Ç╤é╤â╨░╨╗╤î╨╜╤ï╨╡ ╨┐╨╛╨┤╨░╤Ç╨╛╤ç╨╜╤ï╨╡ ╨░╨║╤å╨╕╨╕ ╨╛╤é ╨óΓÇæ╨ÿ╨╜╨▓╨╡╤ü╤é╨╕╤å╨╕╨╕╠å,**Что такое виртуальные подарочные акции и как они работают?**,62,9
╨Æ╨╕╤Ç╤é╤â╨░╨╗╤î╨╜╤ï╨╡ ╨┐╨╛╨┤╨░╤Ç╨╛╤ç╨╜╤ï╨╡ ╨░╨║╤å╨╕╨╕ ╨╛╤é ╨óΓÇæ╨ÿ╨╜╨▓╨╡╤ü╤é╨╕╤å╨╕╨╕╠å,**Как распаковать виртуальные акции и где их можно увидеть в приложении Т‑Инвестиций?**,87,12
╨Æ╨╕╤Ç╤é╤â╨░╨╗╤î╨╜╤ï╨╡ ╨┐╨╛╨┤╨░╤Ç╨╛╤ç╨╜╤ï╨╡ ╨░╨║╤å╨╕╨╕ ╨╛╤é ╨óΓÇæ╨ÿ╨╜╨▓╨╡╤ü╤é╨╕╤å╨╕╨╕╠å,**Как продать виртуальные акции и какие условия нужно выполнить для их продажи?**,81,12
╨Æ╨╕╤Ç╤é╤â╨░╨╗╤î╨╜╤ï╨╡ ╨┐╨╛╨┤╨░╤Ç╨╛╤ç╨╜╤ï╨╡ ╨░╨║╤å╨╕╨╕ ╨╛╤é ╨óΓÇæ╨ÿ╨╜╨▓╨╡╤ü╤é╨╕╤å╨╕╨╕╠å,**Нужно ли платить налог при продаже виртуальных подарочных акций?**,68,9
╨Æ╨╜╨╡╨▒╨╕╤Ç╨╢╨╡╨▓╤ï╨╡ ╤é╨╛╤Ç╨│╨╕ ╨╖╨░╨▒╨╗╨╛╨║╨╕╤Ç╨╛╨▓╨░╨╜╨╜╤ï╨╝╨╕ ╨▒╤â╨╝╨░╨│╨░╨╝╨╕ ╤ü ╤à╤Ç╨░╨╜╨╡╨╜╨╕╨╡╨╝ ╨▓ ╨¥╨á╨ö,**Какие активы считаются заблокированными и почему они не могут быть проданы на бирже?**,88,13
╨Æ╨╜╨╡╨▒╨╕╤Ç╨╢╨╡╨▓╤ï╨╡ ╤é╨╛╤Ç╨│╨╕ ╨╖╨░╨▒╨╗╨╛╨║╨╕╤Ç╨╛╨▓╨░╨╜╨╜╤ï╨╝╨╕ ╨▒╤â╨╝╨░╨│╨░╨╝╨╕ ╤ü ╤à╤Ç╨░╨╜╨╡╨╜╨╕╨╡╨╝ ╨▓ ╨¥╨á╨ö,**Каким образом можно продать заблокированные активы на внебиржевом рынке?**,76,9
╨Æ╨╜╨╡╨▒╨╕╤Ç╨╢╨╡╨▓╤ï╨╡ ╤é╨╛╤Ç╨│╨╕ ╨╖╨░╨▒╨╗╨╛╨║╨╕╤Ç╨╛╨▓╨░╨╜╨╜╤ï╨╝╨╕ ╨▒╤â╨╝╨░╨│╨░╨╝╨╕ ╤ü ╤à╤Ç╨░╨╜╨╡╨╜╨╕╨╡╨╝ ╨▓ ╨¥╨á╨ö,**Какие риски существуют при внебиржевых торгах заблокированными активами?**,76,8
╨Æ╨╜╨╡╨▒╨╕╤Ç╨╢╨╡╨▓╤ï╨╡ ╤é╨╛╤Ç╨│╨╕ ╨╖╨░╨▒╨╗╨╛╨║╨╕╤Ç╨╛╨▓╨░╨╜╨╜╤ï╨╝╨╕ ╨▒╤â╨╝╨░╨│╨░╨╝╨╕ ╤ü ╤à╤Ç╨░╨╜╨╡╨╜╨╕╨╡╨╝ ╨▓ ╨¥╨á╨ö,**Какие активы можно купить на внебиржевом рынке и как это сделать?**,69,11
╨Æ╨╜╨╡╨▒╨╕╤Ç╨╢╨╡╨▓╤ï╨╡ ╤é╨╛╤Ç╨│╨╕ ╨╖╨░╨▒╨╗╨╛╨║╨╕╤Ç╨╛╨▓╨░╨╜╨╜╤ï╨╝╨╕ ╨▒╤â╨╝╨░╨│╨░╨╝╨╕ ╤ü ╤à╤Ç╨░╨╜╨╡╨╜╨╕╨╡╨╝ ╨▓ ╨¥╨á╨ö,**Как рассчитывается налог при торговле заблокированными активами на внебиржевом рынке?**,89,10
"╨Æ╤ï╤ç╨╡╤é╤ï, ╤ü╨░╨╗╤î╨┤╨╕╤Ç╨╛╨▓╨░╨╜╨╕╨╡, ╨┐╨╡╤Ç╨╡╨╜╨╛╤ü ╤â╨▒╤ï╤é╨║╨╛╨▓ ╨╕ WΓüá-Γüá8BEN",**Что такое сальдирование убытков и как его провести?**,55,8
"╨Æ╤ï╤ç╨╡╤é╤ï, ╤ü╨░╨╗╤î╨┤╨╕╤Ç╨╛╨▓╨░╨╜╨╕╨╡, ╨┐╨╡╤Ç╨╡╨╜╨╛╤ü ╤â╨▒╤ï╤é╨║╨╛╨▓ ╨╕ WΓüá-Γüá8BEN",**Какие документы нужны для сальдирования убытков?**,52,6
"╨Æ╤ï╤ç╨╡╤é╤ï, ╤ü╨░╨╗╤î╨┤╨╕╤Ç╨╛╨▓╨░╨╜╨╕╨╡, ╨┐╨╡╤Ç╨╡╨╜╨╛╤ü ╤â╨▒╤ï╤é╨║╨╛╨▓ ╨╕ WΓüá-Γüá8BEN",**Что такое перенос убытков прошлых лет и как он работает?**,60,10
"╨Æ╤ï╤ç╨╡╤é╤ï, ╤ü╨░╨╗╤î╨┤╨╕╤Ç╨╛╨▓╨░╨╜╨╕╨╡, ╨┐╨╡╤Ç╨╡╨╜╨╛╤ü ╤â╨▒╤ï╤é╨║╨╛╨▓ ╨╕ WΓüá-Γüá8BEN",**Как отразить перенос убытков в декларации 3-НДФЛ?**,53,7
"╨Æ╤ï╤ç╨╡╤é╤ï, ╤ü╨░╨╗╤î╨┤╨╕╤Ç╨╛╨▓╨░╨╜╨╕╨╡, ╨┐╨╡╤Ç╨╡╨╜╨╛╤ü ╤â╨▒╤ï╤é╨║╨╛╨▓ ╨╕ WΓüá-Γüá8BEN",**Что такое форма W-8BEN и для чего она нужна?**,48,9
╨á╨░╤ü╤ç╨╡╤é ╤ü╤Ç╨╡╨┤╨╜╨╡╨╕╠å ╤å╨╡╨╜╤ï ╨┐╨╛╨║╤â╨┐╨║╨╕ ╨▓╨░╨╗╤Ä╤é╤ï,Что такое средняя цена покупки валюты?,38,6
╨á╨░╤ü╤ç╨╡╤é ╤ü╤Ç╨╡╨┤╨╜╨╡╨╕╠å ╤å╨╡╨╜╤ï ╨┐╨╛╨║╤â╨┐╨║╨╕ ╨▓╨░╨╗╤Ä╤é╤ï,Как рассчитывается средняя цена покупки валюты?,47,6
╨á╨░╤ü╤ç╨╡╤é ╤ü╤Ç╨╡╨┤╨╜╨╡╨╕╠å ╤å╨╡╨╜╤ï ╨┐╨╛╨║╤â╨┐╨║╨╕ ╨▓╨░╨╗╤Ä╤é╤ï,Как изменяется средняя цена покупки валюты при продаже части валюты?,68,10
╨á╨░╤ü╤ç╨╡╤é ╤ü╤Ç╨╡╨┤╨╜╨╡╨╕╠å ╤å╨╡╨╜╤ï ╨┐╨╛╨║╤â╨┐╨║╨╕ ╨▓╨░╨╗╤Ä╤é╤ï,Как влияет на среднюю цену покупка и получение дивидендов или купонов в валюте?,79,13
╨Ü╨░╨║ ╤Ç╨░╤ü╤ü╤ç╨╕╤é╤ï╨▓╨░╤Ä╤é╤ü╤Å ╨┐╨░╤Ç╨░╨╝╨╡╤é╤Ç╤ï ╤ü╤é╤Ç╨░╤é╨╡╨│╨╕╨╕ ╨▓ ╨┐╨╛╤Ç╤é╤ä╨╡╨╗╤î╨╜╨╛╨╝ ╨╕╨╜╨▓╨╡╤ü╤é╨╕╤Ç╨╛╨▓╨░╨╜╨╕╨╕,**Что такое бенчмарк стратегии и как он рассчитывается?**,57,8
╨Ü╨░╨║ ╤Ç╨░╤ü╤ü╤ç╨╕╤é╤ï╨▓╨░╤Ä╤é╤ü╤Å ╨┐╨░╤Ç╨░╨╝╨╡╤é╤Ç╤ï ╤ü╤é╤Ç╨░╤é╨╡╨│╨╕╨╕ ╨▓ ╨┐╨╛╤Ç╤é╤ä╨╡╨╗╤î╨╜╨╛╨╝ ╨╕╨╜╨▓╨╡╤ü╤é╨╕╤Ç╨╛╨▓╨░╨╜╨╕╨╕,**Что такое точность следования и как она рассчитывается?**,59,8
╨Ü╨░╨║ ╤Ç╨░╤ü╤ü╤ç╨╕╤é╤ï╨▓╨░╤Ä╤é╤ü╤Å ╨┐╨░╤Ç╨░╨╝╨╡╤é╤Ç╤ï ╤ü╤é╤Ç╨░╤é╨╡╨│╨╕╨╕ ╨▓ ╨┐╨╛╤Ç╤é╤ä╨╡╨╗╤î╨╜╨╛╨╝ ╨╕╨╜╨▓╨╡╤ü╤é╨╕╤Ç╨╛╨▓╨░╨╜╨╕╨╕,**Что такое емкость стратегии и как она рассчитывается?**,57,8
╨Ü╨░╨║ ╤Ç╨░╤ü╤ü╤ç╨╕╤é╤ï╨▓╨░╤Ä╤é╤ü╤Å ╨┐╨░╤Ç╨░╨╝╨╡╤é╤Ç╤ï ╤ü╤é╤Ç╨░╤é╨╡╨│╨╕╨╕ ╨▓ ╨┐╨╛╤Ç╤é╤ä╨╡╨╗╤î╨╜╨╛╨╝ ╨╕╨╜╨▓╨╡╤ü╤é╨╕╤Ç╨╛╨▓╨░╨╜╨╕╨╕,"**Как рассчитывается емкость коллекции, в состав которой входят акции или паи иностранных фондов?**",99,13
╨í╤é╤Ç╤â╨║╤é╤â╤Ç╨╜╤ï╨╡ ╨╛╨▒╨╗╨╕╨│╨░╤å╨╕╨╕,**Что такое структурные облигации и как они работают?**,55,8
╨í╤é╤Ç╤â╨║╤é╤â╤Ç╨╜╤ï╨╡ ╨╛╨▒╨╗╨╕╨│╨░╤å╨╕╨╕,**Какие риски связаны с инвестированием в структурные облигации?**,66,8
╨í╤é╤Ç╤â╨║╤é╤â╤Ç╨╜╤ï╨╡ ╨╛╨▒╨╗╨╕╨│╨░╤å╨╕╨╕,"**Каковы основные параметры структурных облигаций, на которые стоит обратить внимание?**",88,10
╨í╤é╤Ç╤â╨║╤é╤â╤Ç╨╜╤ï╨╡ ╨╛╨▒╨╗╨╕╨│╨░╤å╨╕╨╕,**Чем структурные облигации отличаются от облигаций со структурным доходом?**,77,9
╨Ü╨░╨║╨╕╨╡ ╨╜╨░╨╗╨╛╨│╨╕ ╨╜╤â╨╢╨╜╨╛ ╨┐╨╗╨░╤é╨╕╤é╤î ╨┐╨╛ ╨ÿ╨╜╨▓╨╡╤ü╤é╨║╨╛╨┐╨╕╨╗╨║╨╡,**Какие налоги нужно платить с дохода по Инвесткопилке?**,57,8
╨Ü╨░╨║╨╕╨╡ ╨╜╨░╨╗╨╛╨│╨╕ ╨╜╤â╨╢╨╜╨╛ ╨┐╨╗╨░╤é╨╕╤é╤î ╨┐╨╛ ╨ÿ╨╜╨▓╨╡╤ü╤é╨║╨╛╨┐╨╕╨╗╨║╨╡,**Как налоги по Инвесткопилке сочетаются с налогами по брокерскому счету?**,75,10
╨Ü╨░╨║╨╕╨╡ ╨╜╨░╨╗╨╛╨│╨╕ ╨╜╤â╨╢╨╜╨╛ ╨┐╨╗╨░╤é╨╕╤é╤î ╨┐╨╛ ╨ÿ╨╜╨▓╨╡╤ü╤é╨║╨╛╨┐╨╕╨╗╨║╨╡,**Какие документы по Инвесткопилке можно получить?**,52,6
╨Ü╨░╨║╨╕╨╡ ╨╜╨░╨╗╨╛╨│╨╕ ╨╜╤â╨╢╨╜╨╛ ╨┐╨╗╨░╤é╨╕╤é╤î ╨┐╨╛ ╨ÿ╨╜╨▓╨╡╤ü╤é╨║╨╛╨┐╨╕╨╗╨║╨╡,**Как рассчитывается налог на доход по Инвесткопилке?**,55,7
╨Ü╨░╨║╨╕╨╡ ╨╜╨░╨╗╨╛╨│╨╕ ╨╜╤â╨╢╨╜╨╛ ╨┐╨╗╨░╤é╨╕╤é╤î ╨┐╨╛ ╨ÿ╨╜╨▓╨╡╤ü╤é╨║╨╛╨┐╨╕╨╗╨║╨╡,"**Что делать, если на брокерском счете есть убыток, а по Инвесткопилке — доход?**",81,13
╨º╤é╨╛ ╤é╨░╨║╨╛╨╡ ╨░╨║╤å╨╕╨╕,Что такое акция?,16,3
╨º╤é╨╛ ╤é╨░╨║╨╛╨╡ ╨░╨║╤å╨╕╨╕,Как можно заработать на акциях?,31,5
╨º╤é╨╛ ╤é╨░╨║╨╛╨╡ ╨░╨║╤å╨╕╨╕,Чем отличаются привилегированные акции от обыкновенных?,55,6
╨º╤é╨╛ ╤é╨░╨║╨╛╨╡ ╨░╨║╤å╨╕╨╕,Что такое депозитарные расписки на акции?,41,6
╨º╤é╨╛ ╤é╨░╨║╨╛╨╡ ╨░╨║╤å╨╕╨╕,Чем акции отличаются от облигаций?,34,5
╨ƒ╨╛╨┤╨║╨╗╤Ä╤ç╨╕╤é╤î ╨╝╨░╤Ç╨╢╨╕╨╜╨░╨╗╤î╨╜╤â╤Ä ╤é╨╛╤Ç╨│╨╛╨▓╨╗╤Ä,Что такое маржинальная торговля?,32,4
╨ƒ╨╛╨┤╨║╨╗╤Ä╤ç╨╕╤é╤î ╨╝╨░╤Ç╨╢╨╕╨╜╨░╨╗╤î╨╜╤â╤Ä ╤é╨╛╤Ç╨│╨╛╨▓╨╗╤Ä,Как подключить или отключить маржинальную торговлю?,51,6
╨ƒ╨╛╨┤╨║╨╗╤Ä╤ç╨╕╤é╤î ╨╝╨░╤Ç╨╢╨╕╨╜╨░╨╗╤î╨╜╤â╤Ä ╤é╨╛╤Ç╨│╨╛╨▓╨╗╤Ä,Какие комиссии есть в маржинальной торговле?,44,6
╨ƒ╨╛╨┤╨║╨╗╤Ä╤ç╨╕╤é╤î ╨╝╨░╤Ç╨╢╨╕╨╜╨░╨╗╤î╨╜╤â╤Ä ╤é╨╛╤Ç╨│╨╛╨▓╨╗╤Ä,Что такое ликвидный портфель и ставка риска?,44,7
╨ƒ╨╛╨┤╨║╨╗╤Ä╤ç╨╕╤é╤î ╨╝╨░╤Ç╨╢╨╕╨╜╨░╨╗╤î╨╜╤â╤Ä ╤é╨╛╤Ç╨│╨╛╨▓╨╗╤Ä,Что такое маржин-колл и как его избежать?,41,7
╨₧╨▒╨╛╤ü╨╛╨▒╨╗╨╡╨╜╨╕╨╡ ╤Ç╨╛╤ü╤ü╨╕╨╕╠å╤ü╨║╨╕╤à ╨▒╤â╨╝╨░╨│ ╨┐╨╛╤ü╨╗╨╡ ╨┤╨╡╨┐╨╛╨╖╨╕╤é╨░╤Ç╨╜╨╛╨│╨╛ ╨┐╨╡╤Ç╨╡╨▓╨╛╨┤╨░,"**Что значит, что российские ценные бумаги обосабливаются после депозитарного перевода?**",89,10
╨₧╨▒╨╛╤ü╨╛╨▒╨╗╨╡╨╜╨╕╨╡ ╤Ç╨╛╤ü╤ü╨╕╨╕╠å╤ü╨║╨╕╤à ╨▒╤â╨╝╨░╨│ ╨┐╨╛╤ü╨╗╨╡ ╨┤╨╡╨┐╨╛╨╖╨╕╤é╨░╤Ç╨╜╨╛╨│╨╛ ╨┐╨╡╤Ç╨╡╨▓╨╛╨┤╨░,**Какие бумаги обосабливаются?**,32,3
╨₧╨▒╨╛╤ü╨╛╨▒╨╗╨╡╨╜╨╕╨╡ ╤Ç╨╛╤ü╤ü╨╕╨╕╠å╤ü╨║╨╕╤à ╨▒╤â╨╝╨░╨│ ╨┐╨╛╤ü╨╗╨╡ ╨┤╨╡╨┐╨╛╨╖╨╕╤é╨░╤Ç╨╜╨╛╨│╨╛ ╨┐╨╡╤Ç╨╡╨▓╨╛╨┤╨░,**Почему происходит обособление бумаг?**,40,4
╨₧╨▒╨╛╤ü╨╛╨▒╨╗╨╡╨╜╨╕╨╡ ╤Ç╨╛╤ü╤ü╨╕╨╕╠å╤ü╨║╨╕╤à ╨▒╤â╨╝╨░╨│ ╨┐╨╛╤ü╨╗╨╡ ╨┤╨╡╨┐╨╛╨╖╨╕╤é╨░╤Ç╨╜╨╛╨│╨╛ ╨┐╨╡╤Ç╨╡╨▓╨╛╨┤╨░,**Как разблокировать бумаги после обособления?**,48,5
╨₧╨▒╨╛╤ü╨╛╨▒╨╗╨╡╨╜╨╕╨╡ ╤Ç╨╛╤ü╤ü╨╕╨╕╠å╤ü╨║╨╕╤à ╨▒╤â╨╝╨░╨│ ╨┐╨╛╤ü╨╗╨╡ ╨┤╨╡╨┐╨╛╨╖╨╕╤é╨░╤Ç╨╜╨╛╨│╨╛ ╨┐╨╡╤Ç╨╡╨▓╨╛╨┤╨░,**Когда бумаги разблокируются?**,32,3
╨í╨▒╨░╨╗╨░╨╜╤ü╨╕╤Ç╨╛╨▓╨░╨╜╨╜╤ï╨╕╠å ╨┐╨╛╤Ç╤é╤ä╨╡╨╗╤î ╨╕ ╨╝╨╕╨╜╨╕╨╝╨╕╨╖╨░╤å╨╕╤Å ╤Ç╨╕╤ü╨║╨╛╨▓,**Что такое диверсификация инвестиционного портфеля и как она помогает избежать рисков?**,89,11
╨í╨▒╨░╨╗╨░╨╜╤ü╨╕╤Ç╨╛╨▓╨░╨╜╨╜╤ï╨╕╠å ╨┐╨╛╤Ç╤é╤ä╨╡╨╗╤î ╨╕ ╨╝╨╕╨╜╨╕╨╝╨╕╨╖╨░╤å╨╕╤Å ╤Ç╨╕╤ü╨║╨╛╨▓,**Какой портфель считается оптимальным для инвестора?**,55,6
╨í╨▒╨░╨╗╨░╨╜╤ü╨╕╤Ç╨╛╨▓╨░╨╜╨╜╤ï╨╕╠å ╨┐╨╛╤Ç╤é╤ä╨╡╨╗╤î ╨╕ ╨╝╨╕╨╜╨╕╨╝╨╕╨╖╨░╤å╨╕╤Å ╤Ç╨╕╤ü╨║╨╛╨▓,**Что такое агрессивный инвестиционный портфель и в чем его риски?**,68,10
╨í╨▒╨░╨╗╨░╨╜╤ü╨╕╤Ç╨╛╨▓╨░╨╜╨╜╤ï╨╕╠å ╨┐╨╛╤Ç╤é╤ä╨╡╨╗╤î ╨╕ ╨╝╨╕╨╜╨╕╨╝╨╕╨╖╨░╤å╨╕╤Å ╤Ç╨╕╤ü╨║╨╛╨▓,**Как сформировать инвестиционный портфель?**,45,4
╨í╨▒╨░╨╗╨░╨╜╤ü╨╕╤Ç╨╛╨▓╨░╨╜╨╜╤ï╨╕╠å ╨┐╨╛╤Ç╤é╤ä╨╡╨╗╤î ╨╕ ╨╝╨╕╨╜╨╕╨╝╨╕╨╖╨░╤å╨╕╤Å ╤Ç╨╕╤ü╨║╨╛╨▓,**Какие существуют примеры готовых сбалансированных портфелей?**,64,6
╨Ü╨░╨║ ╤Ç╨░╨▒╨╛╤é╨░╨╡╤é ╤ä╨╛╨╜╨┤╨╛╨▓╤ï╨╕╠å ╤Ç╤ï╨╜╨╛╨║,**Что такое фондовый рынок и как он устроен?**,46,8
╨Ü╨░╨║ ╤Ç╨░╨▒╨╛╤é╨░╨╡╤é ╤ä╨╛╨╜╨┤╨╛╨▓╤ï╨╕╠å ╤Ç╤ï╨╜╨╛╨║,**Кто является главным регулятором фондового рынка в России?**,62,8
╨Ü╨░╨║ ╤Ç╨░╨▒╨╛╤é╨░╨╡╤é ╤ä╨╛╨╜╨┤╨╛╨▓╤ï╨╕╠å ╤Ç╤ï╨╜╨╛╨║,**Что такое клиринговый центр и зачем он нужен?**,49,8
╨Ü╨░╨║ ╤Ç╨░╨▒╨╛╤é╨░╨╡╤é ╤ä╨╛╨╜╨┤╨╛╨▓╤ï╨╕╠å ╤Ç╤ï╨╜╨╛╨║,**Что такое депозитарий и зачем он нужен?**,43,7
╨Ü╨░╨║ ╤Ç╨░╨▒╨╛╤é╨░╨╡╤é ╤ä╨╛╨╜╨┤╨╛╨▓╤ï╨╕╠å ╤Ç╤ï╨╜╨╛╨║,**Что такое дискретный аукцион и зачем он нужен?**,50,8
╨Ü╨░╨║ ╨╖╨░╨┐╨╛╨╗╨╜╨╕╤é╤î ╨┐╨╛╤Ç╤â╤ç╨╡╨╜╨╕╨╡ ╨╜╨░ ╨┤╨╡╨┐╨╛╨╖╨╕╤é╨░╤Ç╨╜╤ï╨╕╠å ╨┐╨╡╤Ç╨╡╨▓╨╛╨┤,**Как правильно заполнить поручение на депозитарный перевод ценных бумаг в Т‑Банк?**,84,11
╨Ü╨░╨║ ╨╖╨░╨┐╨╛╨╗╨╜╨╕╤é╤î ╨┐╨╛╤Ç╤â╤ç╨╡╨╜╨╕╨╡ ╨╜╨░ ╨┤╨╡╨┐╨╛╨╖╨╕╤é╨░╤Ç╨╜╤ï╨╕╠å ╨┐╨╡╤Ç╨╡╨▓╨╛╨┤,**Какие документы понадобятся для учета бумаг при депозитарном переводе в Т‑Банк?**,83,11
╨Ü╨░╨║ ╨╖╨░╨┐╨╛╨╗╨╜╨╕╤é╤î ╨┐╨╛╤Ç╤â╤ç╨╡╨╜╨╕╨╡ ╨╜╨░ ╨┤╨╡╨┐╨╛╨╖╨╕╤é╨░╤Ç╨╜╤ï╨╕╠å ╨┐╨╡╤Ç╨╡╨▓╨╛╨┤,**Как временно обособить российские бумаги после депозитарного перевода в Т‑Банк?**,83,10
╨Ü╨░╨║ ╨╖╨░╨┐╨╛╨╗╨╜╨╕╤é╤î ╨┐╨╛╤Ç╤â╤ç╨╡╨╜╨╕╨╡ ╨╜╨░ ╨┤╨╡╨┐╨╛╨╖╨╕╤é╨░╤Ç╨╜╤ï╨╕╠å ╨┐╨╡╤Ç╨╡╨▓╨╛╨┤,**Какие бумаги можно наследовать после депозитарного перевода в Т‑Банк?**,73,9
╨Ü╨░╨║ ╨╖╨░╨┐╨╛╨╗╨╜╨╕╤é╤î ╨┐╨╛╤Ç╤â╤ç╨╡╨╜╨╕╨╡ ╨╜╨░ ╨┤╨╡╨┐╨╛╨╖╨╕╤é╨░╤Ç╨╜╤ï╨╕╠å ╨┐╨╡╤Ç╨╡╨▓╨╛╨┤,"**Какие шаги нужно предпринять, если требуется перевести бумаги в Т‑Инвестиции?**",81,10
╨ƒ╨╛╨┤╨░╤Ç╨╛╤ç╨╜╤ï╨╡ ╨░╨║╤å╨╕╨╕,**Какие категории клиентов могут участвовать в подарочных акциях Т‑Банка?**,75,9
╨ƒ╨╛╨┤╨░╤Ç╨╛╤ç╨╜╤ï╨╡ ╨░╨║╤å╨╕╨╕,**Какие продукты и услуги Т‑Банка участвуют в подарочных акциях?**,66,9
╨ƒ╨╛╨┤╨░╤Ç╨╛╤ç╨╜╤ï╨╡ ╨░╨║╤å╨╕╨╕,**Как можно получить виртуальные подарочные акции в Т‑Инвестициях?**,68,8
╨ƒ╨╛╨┤╨░╤Ç╨╛╤ç╨╜╤ï╨╡ ╨░╨║╤å╨╕╨╕,**Можно ли одновременно участвовать в акциях «Приведи друга» и «Учись за подарки»?**,84,12
╨ƒ╨╛╨┤╨░╤Ç╨╛╤ç╨╜╤ï╨╡ ╨░╨║╤å╨╕╨╕,"**Что нужно сделать, чтобы получить подарочную акцию за приглашение друга в Т‑Инвестиции?**",91,12
╨Ü╨░╨║ ╤â╤ü╤é╤Ç╨╛╨╡╨╜ ╤é╨╡╤Ç╨╝╨╕╨╜╨░╨╗,**Как скачать терминал Т⁠-⁠Инвестиций на компьютер?**,53,6
╨Ü╨░╨║ ╤â╤ü╤é╤Ç╨╛╨╡╨╜ ╤é╨╡╤Ç╨╝╨╕╨╜╨░╨╗,**Как выглядит верхняя панель терминала?**,42,5
╨Ü╨░╨║ ╤â╤ü╤é╤Ç╨╛╨╡╨╜ ╤é╨╡╤Ç╨╝╨╕╨╜╨░╨╗,**Как считается доходность в терминале?**,41,5
╨Ü╨░╨║ ╤â╤ü╤é╤Ç╨╛╨╡╨╜ ╤é╨╡╤Ç╨╝╨╕╨╜╨░╨╗,**Какие инструменты доступны в верхней панели терминала?**,58,7
╨ñ╨╛╤Ç╨╝╨░ WΓÇæ8BEN ╨╕ ╨┤╨╗╤Å ╤ç╨╡╨│╨╛ ╨╛╨╜╨░ ╨╜╤â╨╢╨╜╨░,Что такое форма W-8BEN и для чего она используется?,51,9
╨ñ╨╛╤Ç╨╝╨░ WΓÇæ8BEN ╨╕ ╨┤╨╗╤Å ╤ç╨╡╨│╨╛ ╨╛╨╜╨░ ╨╜╤â╨╢╨╜╨░,Как W-8BEN работала раньше?,27,4
╨ñ╨╛╤Ç╨╝╨░ WΓÇæ8BEN ╨╕ ╨┤╨╗╤Å ╤ç╨╡╨│╨╛ ╨╛╨╜╨░ ╨╜╤â╨╢╨╜╨░,Как сейчас работает форма W-8BEN?,33,5
╨ñ╨╛╤Ç╨╝╨░ WΓÇæ8BEN ╨╕ ╨┤╨╗╤Å ╤ç╨╡╨│╨╛ ╨╛╨╜╨░ ╨╜╤â╨╢╨╜╨░,Каким налогом облагаются дивиденды по американским ценным бумагам?,66,8
╨Ü╨░╨║ ╨┐╨╛╨║╤â╨┐╨░╤é╤î ╨╕ ╨┐╤Ç╨╛╨┤╨░╨▓╨░╤é╤î ╨┤╤Ç╨░╨│╨╛╤å╨╡╨╜╨╜╤ï╨╡ ╨╝╨╡╤é╨░╨╗╨╗╤ï,Какие драгоценные металлы можно купить на бирже?,48,7
╨Ü╨░╨║ ╨┐╨╛╨║╤â╨┐╨░╤é╤î ╨╕ ╨┐╤Ç╨╛╨┤╨░╨▓╨░╤é╤î ╨┤╤Ç╨░╨│╨╛╤å╨╡╨╜╨╜╤ï╨╡ ╨╝╨╡╤é╨░╨╗╨╗╤ï,Как купить золото и серебро в Т⁠-⁠Инвестициях?,46,7
╨Ü╨░╨║ ╨┐╨╛╨║╤â╨┐╨░╤é╤î ╨╕ ╨┐╤Ç╨╛╨┤╨░╨▓╨░╤é╤î ╨┤╤Ç╨░╨│╨╛╤å╨╡╨╜╨╜╤ï╨╡ ╨╝╨╡╤é╨░╨╗╨╗╤ï,По какому курсу драгметаллы торгуются на бирже?,47,7
╨Ü╨░╨║ ╨┐╨╛╨║╤â╨┐╨░╤é╤î ╨╕ ╨┐╤Ç╨╛╨┤╨░╨▓╨░╤é╤î ╨┤╤Ç╨░╨│╨╛╤å╨╡╨╜╨╜╤ï╨╡ ╨╝╨╡╤é╨░╨╗╨╗╤ï,Какие плюсы и минусы у инвестиций в драгоценные металлы?,56,9
╨Ü╨░╨║ ╨┐╨╛╨║╤â╨┐╨░╤é╤î ╨╕ ╨┐╤Ç╨╛╨┤╨░╨▓╨░╤é╤î ╨┤╤Ç╨░╨│╨╛╤å╨╡╨╜╨╜╤ï╨╡ ╨╝╨╡╤é╨░╨╗╨╗╤ï,Какая комиссия за покупку драгоценных металлов?,47,6
╨ù╨░╤ç╨╡╨╝ ╨╜╤â╨╢╨╜╨░ ╨╝╨░╤Ç╨╢╨╕╨╜╨░╨╗╤î╨╜╨░╤Å ╤é╨╛╤Ç╨│╨╛╨▓╨╗╤Å,Что такое маржинальная торговля и как она работает?,51,8
╨ù╨░╤ç╨╡╨╝ ╨╜╤â╨╢╨╜╨░ ╨╝╨░╤Ç╨╢╨╕╨╜╨░╨╗╤î╨╜╨░╤Å ╤é╨╛╤Ç╨│╨╛╨▓╨╗╤Å,Какие преимущества дает маржинальная торговля?,46,5
╨ù╨░╤ç╨╡╨╝ ╨╜╤â╨╢╨╜╨░ ╨╝╨░╤Ç╨╢╨╕╨╜╨░╨╗╤î╨╜╨░╤Å ╤é╨╛╤Ç╨│╨╛╨▓╨╗╤Å,Как технически выглядит сделка в лонг с плечом?,47,8
╨ù╨░╤ç╨╡╨╝ ╨╜╤â╨╢╨╜╨░ ╨╝╨░╤Ç╨╢╨╕╨╜╨░╨╗╤î╨╜╨░╤Å ╤é╨╛╤Ç╨│╨╛╨▓╨╗╤Å,Как технически выглядит сделка в шорт?,38,6
╨ù╨░╤ç╨╡╨╝ ╨╜╤â╨╢╨╜╨░ ╨╝╨░╤Ç╨╢╨╕╨╜╨░╨╗╤î╨╜╨░╤Å ╤é╨╛╤Ç╨│╨╛╨▓╨╗╤Å,Какие комиссии и тарифы применяются при маржинальной торговле?,62,8
╨Ü╨╛╨╜╨▓╨╡╤Ç╤é╨╕╤Ç╤â╨╡╨╝╤ï╨╡ ╨╛╨▒╨╗╨╕╨│╨░╤å╨╕╨╕,Что такое конвертируемая облигация?,35,4
╨Ü╨╛╨╜╨▓╨╡╤Ç╤é╨╕╤Ç╤â╨╡╨╝╤ï╨╡ ╨╛╨▒╨╗╨╕╨│╨░╤å╨╕╨╕,Какие риски связаны с конвертируемыми облигациями?,50,6
╨Ü╨╛╨╜╨▓╨╡╤Ç╤é╨╕╤Ç╤â╨╡╨╝╤ï╨╡ ╨╛╨▒╨╗╨╕╨│╨░╤å╨╕╨╕,Как рассчитывается коэффициент (курс) конвертации?,50,5
╨Ü╨╛╨╜╨▓╨╡╤Ç╤é╨╕╤Ç╤â╨╡╨╝╤ï╨╡ ╨╛╨▒╨╗╨╕╨│╨░╤å╨╕╨╕,Как рассчитать доход или убыток при конвертации облигации?,58,8
╨Ü╨╛╨╜╨▓╨╡╤Ç╤é╨╕╤Ç╤â╨╡╨╝╤ï╨╡ ╨╛╨▒╨╗╨╕╨│╨░╤å╨╕╨╕,Почему компании выпускают конвертируемые облигации?,51,5
╨º╤é╨╛ ╤é╨░╨║╨╛╨╡ ╨╛╨▒╨╗╨╕╨│╨░╤å╨╕╨╕,Что такое облигации и как они работают?,39,7
╨º╤é╨╛ ╤é╨░╨║╨╛╨╡ ╨╛╨▒╨╗╨╕╨│╨░╤å╨╕╨╕,Какие виды облигаций существуют на российском фондовом рынке?,61,8
╨º╤é╨╛ ╤é╨░╨║╨╛╨╡ ╨╛╨▒╨╗╨╕╨│╨░╤å╨╕╨╕,На что нужно обратить внимание при выборе облигаций?,52,8
╨º╤é╨╛ ╤é╨░╨║╨╛╨╡ ╨╛╨▒╨╗╨╕╨│╨░╤å╨╕╨╕,Что такое ипотечные облигации?,30,4
╨º╤é╨╛ ╤é╨░╨║╨╛╨╡ ╨╛╨▒╨╗╨╕╨│╨░╤å╨╕╨╕,Что такое субординированные облигации и какие риски они несут?,62,9
╨ó╨╛╤Ç╨│╨╛╨▓╨░╤é╤î ╨╜╨░ ╨▒╨╕╤Ç╨╢╨╡,**Что такое брокерский счет и зачем он нужен?**,47,8
╨ó╨╛╤Ç╨│╨╛╨▓╨░╤é╤î ╨╜╨░ ╨▒╨╕╤Ç╨╢╨╡,**Как пополнить брокерский счет?**,34,4
╨ó╨╛╤Ç╨│╨╛╨▓╨░╤é╤î ╨╜╨░ ╨▒╨╕╤Ç╨╢╨╡,**Можно ли автоматически пополнять брокерский счет?**,53,6
╨ó╨╛╤Ç╨│╨╛╨▓╨░╤é╤î ╨╜╨░ ╨▒╨╕╤Ç╨╢╨╡,"**Что делать, если на брокерском счете образовался минус?**",59,8
╨ó╨╛╤Ç╨│╨╛╨▓╨░╤é╤î ╨╜╨░ ╨▒╨╕╤Ç╨╢╨╡,**Какие ценные бумаги и валюты можно купить на брокерский счет?**,65,10
╨Ü╨░╨║ ╨┐╨╛╨┤╨║╨╗╤Ä╤ç╨╕╤é╤î ╨╕ ╨╕╤ü╨┐╨╛╨╗╤î╨╖╨╛╨▓╨░╤é╤î ╨┐╨╛╤Ç╤é╤ä╨╡╨╗╤î╨╜╨╛╨╡ ╨╕╨╜╨▓╨╡╤ü╤é╨╕╤Ç╨╛╨▓╨░╨╜╨╕╨╡,**Как подключить портфельное инвестирование в приложении Т-Инвестиций?**,72,7
╨Ü╨░╨║ ╨┐╨╛╨┤╨║╨╗╤Ä╤ç╨╕╤é╤î ╨╕ ╨╕╤ü╨┐╨╛╨╗╤î╨╖╨╛╨▓╨░╤é╤î ╨┐╨╛╤Ç╤é╤ä╨╡╨╗╤î╨╜╨╛╨╡ ╨╕╨╜╨▓╨╡╤ü╤é╨╕╤Ç╨╛╨▓╨░╨╜╨╕╨╡,**Почему бумаги покупаются в равных долях?**,44,6
╨Ü╨░╨║ ╨┐╨╛╨┤╨║╨╗╤Ä╤ç╨╕╤é╤î ╨╕ ╨╕╤ü╨┐╨╛╨╗╤î╨╖╨╛╨▓╨░╤é╤î ╨┐╨╛╤Ç╤é╤ä╨╡╨╗╤î╨╜╨╛╨╡ ╨╕╨╜╨▓╨╡╤ü╤é╨╕╤Ç╨╛╨▓╨░╨╜╨╕╨╡,**Почему вместо акций или облигаций на счет купили фонды?**,59,9
╨Ü╨░╨║ ╨┐╨╛╨┤╨║╨╗╤Ä╤ç╨╕╤é╤î ╨╕ ╨╕╤ü╨┐╨╛╨╗╤î╨╖╨╛╨▓╨░╤é╤î ╨┐╨╛╤Ç╤é╤ä╨╡╨╗╤î╨╜╨╛╨╡ ╨╕╨╜╨▓╨╡╤ü╤é╨╕╤Ç╨╛╨▓╨░╨╜╨╕╨╡,**Почему на счете долго ничего не происходит?**,47,7
╨Ü╨░╨║ ╨┐╨╛╨┤╨║╨╗╤Ä╤ç╨╕╤é╤î ╨╕ ╨╕╤ü╨┐╨╛╨╗╤î╨╖╨╛╨▓╨░╤é╤î ╨┐╨╛╤Ç╤é╤ä╨╡╨╗╤î╨╜╨╛╨╡ ╨╕╨╜╨▓╨╡╤ü╤é╨╕╤Ç╨╛╨▓╨░╨╜╨╕╨╡,"**Как понять, когда пришло время поменять стратегию и перенастроить параметры портфельного инвестирования?**",108,12
╨Ü╨░╨║ ╤â╤ü╤é╤Ç╨╛╨╡╨╜╨░ ╨╝╨░╤Ç╨╢╨╕╨╜╨░╨╗╤î╨╜╨░╤Å ╤é╨╛╤Ç╨│╨╛╨▓╨╗╤Å,**Что такое маржинальная торговля и как она работает?**,55,8
╨Ü╨░╨║ ╤â╤ü╤é╤Ç╨╛╨╡╨╜╨░ ╨╝╨░╤Ç╨╢╨╕╨╜╨░╨╗╤î╨╜╨░╤Å ╤é╨╛╤Ç╨│╨╛╨▓╨╗╤Å,**Как подключить или отключить маржинальную торговлю в Т‑Инвестициях?**,71,8
╨Ü╨░╨║ ╤â╤ü╤é╤Ç╨╛╨╡╨╜╨░ ╨╝╨░╤Ç╨╢╨╕╨╜╨░╨╗╤î╨╜╨░╤Å ╤é╨╛╤Ç╨│╨╛╨▓╨╗╤Å,**Какие комиссии взимаются за маржинальную торговлю?**,54,6
╨Ü╨░╨║ ╤â╤ü╤é╤Ç╨╛╨╡╨╜╨░ ╨╝╨░╤Ç╨╢╨╕╨╜╨░╨╗╤î╨╜╨░╤Å ╤é╨╛╤Ç╨│╨╛╨▓╨╗╤Å,**Какие термины нужно знать перед началом маржинальной торговли?**,66,8
╨æ╤Ç╨╛╨║╨╡╤Ç╤ü╨║╨╕╨╕╠å ╤ü╤ç╨╡╤é,**Что такое брокерский счет и для чего он нужен?**,50,9
╨æ╤Ç╨╛╨║╨╡╤Ç╤ü╨║╨╕╨╕╠å ╤ü╤ç╨╡╤é,**Как открыть брокерский счет?**,32,4
╨æ╤Ç╨╛╨║╨╡╤Ç╤ü╨║╨╕╨╕╠å ╤ü╤ç╨╡╤é,**Какие комиссии и налоги нужно учитывать при использовании брокерского счета?**,80,10
╨æ╤Ç╨╛╨║╨╡╤Ç╤ü╨║╨╕╨╕╠å ╤ü╤ç╨╡╤é,**Как вывести деньги с брокерского счета?**,43,6
╨æ╤Ç╨╛╨║╨╡╤Ç╤ü╨║╨╕╨╕╠å ╤ü╤ç╨╡╤é,**Какие инструменты можно покупать и продавать на брокерском счете?**,69,9
╨Æ╨╛╨┐╤Ç╨╛╤ü╤ï ╨╜╨░╨╗╨╛╨│╨╛╨╛╨▒╨╗╨╛╨╢╨╡╨╜╨╕╤Å ╨┤╨╗╤Å ╨╕╨╜╨▓╨╡╤ü╤é╨╛╤Ç╨╛╨▓,**Какие налоги удерживаются автоматически брокером при инвестициях в ценные бумаги?**,85,10
╨Æ╨╛╨┐╤Ç╨╛╤ü╤ï ╨╜╨░╨╗╨╛╨│╨╛╨╛╨▒╨╗╨╛╨╢╨╡╨╜╨╕╤Å ╨┤╨╗╤Å ╨╕╨╜╨▓╨╡╤ü╤é╨╛╤Ç╨╛╨▓,**Какие налоги нужно платить самостоятельно при выводе денег с брокерского счета?**,83,11
╨Æ╨╛╨┐╤Ç╨╛╤ü╤ï ╨╜╨░╨╗╨╛╨│╨╛╨╛╨▒╨╗╨╛╨╢╨╡╨╜╨╕╤Å ╨┤╨╗╤Å ╨╕╨╜╨▓╨╡╤ü╤é╨╛╤Ç╨╛╨▓,**Какие особенности налогообложения ИИС (индивидуального инвестиционного счета)?**,82,7
╨Æ╨╛╨┐╤Ç╨╛╤ü╤ï ╨╜╨░╨╗╨╛╨│╨╛╨╛╨▒╨╗╨╛╨╢╨╡╨╜╨╕╤Å ╨┤╨╗╤Å ╨╕╨╜╨▓╨╡╤ü╤é╨╛╤Ç╨╛╨▓,**Как правильно заполнить декларацию 3-НДФЛ по инвестициям?**,61,7
╨Æ╨╛╨┐╤Ç╨╛╤ü╤ï ╨╜╨░╨╗╨╛╨│╨╛╨╛╨▒╨╗╨╛╨╢╨╡╨╜╨╕╤Å ╨┤╨╗╤Å ╨╕╨╜╨▓╨╡╤ü╤é╨╛╤Ç╨╛╨▓,**Какие документы нужны для подачи декларации 3-НДФЛ по инвестициям?**,70,9
╨Ü╨░╨║ ╤ü╨║╨░╤ç╨░╤é╤î ╨┤╨╛╨║╤â╨╝╨╡╨╜╤é╤ï ╨┤╨╗╤Å ╨┐╨╛╨┤╨░╤ç╨╕ ╨▓ ╨╜╨░╨╗╨╛╨│╨╛╨▓╤ï╨╡ ╨╛╤Ç╨│╨░╨╜╤ï ╨╕ ╨╜╨╡ ╤é╨╛╨╗╤î╨║╨╛,Как скачать документы от Т⁠-⁠Инвестиций в личном кабинете на сайте tbank.ru?,76,11
╨Ü╨░╨║ ╤ü╨║╨░╤ç╨░╤é╤î ╨┤╨╛╨║╤â╨╝╨╡╨╜╤é╤ï ╨┤╨╗╤Å ╨┐╨╛╨┤╨░╤ç╨╕ ╨▓ ╨╜╨░╨╗╨╛╨│╨╛╨▓╤ï╨╡ ╨╛╤Ç╨│╨░╨╜╤ï ╨╕ ╨╜╨╡ ╤é╨╛╨╗╤î╨║╨╛,Как скачать справку о доходах 2⁠-⁠НДФЛ из личного кабинета налогоплательщика?,77,10
╨Ü╨░╨║ ╤ü╨║╨░╤ç╨░╤é╤î ╨┤╨╛╨║╤â╨╝╨╡╨╜╤é╤ï ╨┤╨╗╤Å ╨┐╨╛╨┤╨░╤ç╨╕ ╨▓ ╨╜╨░╨╗╨╛╨│╨╛╨▓╤ï╨╡ ╨╛╤Ç╨│╨░╨╜╤ï ╨╕ ╨╜╨╡ ╤é╨╛╨╗╤î╨║╨╛,Как скачать ранее поданную декларацию 3⁠-⁠НДФЛ из личного кабинета налогоплательщика?,85,10
╨Ü╨░╨║ ╤ü╨║╨░╤ç╨░╤é╤î ╨┤╨╛╨║╤â╨╝╨╡╨╜╤é╤ï ╨┤╨╗╤Å ╨┐╨╛╨┤╨░╤ç╨╕ ╨▓ ╨╜╨░╨╗╨╛╨│╨╛╨▓╤ï╨╡ ╨╛╤Ç╨│╨░╨╜╤ï ╨╕ ╨╜╨╡ ╤é╨╛╨╗╤î╨║╨╛,Какие документы можно скачать в личном кабинете Т⁠-⁠Инвестиций?,63,8
╨Ü╨░╨║ ╤ü╨║╨░╤ç╨░╤é╤î ╨┤╨╛╨║╤â╨╝╨╡╨╜╤é╤ï ╨┤╨╗╤Å ╨┐╨╛╨┤╨░╤ç╨╕ ╨▓ ╨╜╨░╨╗╨╛╨│╨╛╨▓╤ï╨╡ ╨╛╤Ç╨│╨░╨╜╤ï ╨╕ ╨╜╨╡ ╤é╨╛╨╗╤î╨║╨╛,Как заказать оригинал документа от Т⁠-⁠Инвестиций?,50,6
╨í╨╛╨▓╨╡╤é╤ï ╨╜╨░╤ç╨╕╨╜╨░╤Ä╤ë╨╕╨╝ ╨╕╨╜╨▓╨╡╤ü╤é╨╛╤Ç╨░╨╝,Как начать инвестировать с минимальными вложениями?,51,6
╨í╨╛╨▓╨╡╤é╤ï ╨╜╨░╤ç╨╕╨╜╨░╤Ä╤ë╨╕╨╝ ╨╕╨╜╨▓╨╡╤ü╤é╨╛╤Ç╨░╨╝,Какие инструменты доступны начинающим инвесторам?,49,5
╨í╨╛╨▓╨╡╤é╤ï ╨╜╨░╤ç╨╕╨╜╨░╤Ä╤ë╨╕╨╝ ╨╕╨╜╨▓╨╡╤ü╤é╨╛╤Ç╨░╨╝,Как выбрать подходящий инвестиционный портфель?,47,5
╨í╨╛╨▓╨╡╤é╤ï ╨╜╨░╤ç╨╕╨╜╨░╤Ä╤ë╨╕╨╝ ╨╕╨╜╨▓╨╡╤ü╤é╨╛╤Ç╨░╨╝,Как избежать манипуляций на рынке ценных бумаг?,47,7
╨í╨╛╨▓╨╡╤é╤ï ╨╜╨░╤ç╨╕╨╜╨░╤Ä╤ë╨╕╨╝ ╨╕╨╜╨▓╨╡╤ü╤é╨╛╤Ç╨░╨╝,"Как понять, когда пора покупать или продавать ценные бумаги?",60,9
╨Æ╨╜╨╡╨▒╨╕╤Ç╨╢╨╡╨▓╨░╤Å ╤é╨╛╤Ç╨│╨╛╨▓╨╗╤Å,**Какие российские акции без листинга можно торговать в Т‑Банке?**,66,9
╨£╨░╤Ç╨╢╨╕╨╜╨░╨╗╤î╨╜╨░╤Å ╤é╨╛╤Ç╨│╨╛╨▓╨╗╤Å,**Что такое маржинальная торговля и как она работает?**,55,8
╨£╨░╤Ç╨╢╨╕╨╜╨░╨╗╤î╨╜╨░╤Å ╤é╨╛╤Ç╨│╨╛╨▓╨╗╤Å,**Какие риски связаны с маржинальной торговлей?**,49,6
╨£╨░╤Ç╨╢╨╕╨╜╨░╨╗╤î╨╜╨░╤Å ╤é╨╛╤Ç╨│╨╛╨▓╨╗╤Å,**Как работает сделка в лонг при маржинальной торговле?**,57,8
╨£╨░╤Ç╨╢╨╕╨╜╨░╨╗╤î╨╜╨░╤Å ╤é╨╛╤Ç╨│╨╛╨▓╨╗╤Å,**Как работает сделка в шорт при маржинальной торговле?**,57,8
╨£╨░╤Ç╨╢╨╕╨╜╨░╨╗╤î╨╜╨░╤Å ╤é╨╛╤Ç╨│╨╛╨▓╨╗╤Å,**Что такое маржин-колл и как он влияет на инвестора?**,55,9
╨Ü╨░╨║ ╤â╤ü╤é╤Ç╨╛╨╡╨╜╨╛ ╨┐╨╛╤Ç╤é╤ä╨╡╨╗╤î╨╜╨╛╨╡ ╨╕╨╜╨▓╨╡╤ü╤é╨╕╤Ç╨╛╨▓╨░╨╜╨╕╨╡,**Что такое портфельное инвестирование и как оно работает в Т-Инвестициях?**,76,10
╨Ü╨░╨║ ╤â╤ü╤é╤Ç╨╛╨╡╨╜╨╛ ╨┐╨╛╤Ç╤é╤ä╨╡╨╗╤î╨╜╨╛╨╡ ╨╕╨╜╨▓╨╡╤ü╤é╨╕╤Ç╨╛╨▓╨░╨╜╨╕╨╡,**Какие преимущества портфельного инвестирования в Т-Инвестициях?**,67,6
╨Ü╨░╨║ ╤â╤ü╤é╤Ç╨╛╨╡╨╜╨╛ ╨┐╨╛╤Ç╤é╤ä╨╡╨╗╤î╨╜╨╛╨╡ ╨╕╨╜╨▓╨╡╤ü╤é╨╕╤Ç╨╛╨▓╨░╨╜╨╕╨╡,**Какие комиссии взимаются за портфельное инвестирование в Т-Инвестициях?**,75,8
╨Ü╨░╨║ ╤â╤ü╤é╤Ç╨╛╨╡╨╜╨╛ ╨┐╨╛╤Ç╤é╤ä╨╡╨╗╤î╨╜╨╛╨╡ ╨╕╨╜╨▓╨╡╤ü╤é╨╕╤Ç╨╛╨▓╨░╨╜╨╕╨╡,**Как происходит ребалансировка портфеля в портфельном инвестировании?**,72,7
"╨ƒ╨╛╨│╨░╤ê╨╡╨╜╨╕╨╡ ╤ç╨░╤ü╤é╨╕ ╨┐╨░╨╡╨▓ TSPX, TECH, TIPO, TBIO","**Почему управляющая компания «Т-Капитал» обязана погасить часть паев фондов TSPX, TECH, TIPO и TBIO?**",103,14
"╨ƒ╨╛╨│╨░╤ê╨╡╨╜╨╕╨╡ ╤ç╨░╤ü╤é╨╕ ╨┐╨░╨╡╨▓ TSPX, TECH, TIPO, TBIO",**Как рассчитывается сумма выплаты при частичном погашении паев?**,66,8
"╨ƒ╨╛╨│╨░╤ê╨╡╨╜╨╕╨╡ ╤ç╨░╤ü╤é╨╕ ╨┐╨░╨╡╨▓ TSPX, TECH, TIPO, TBIO","**Почему расчетная стоимость паев фондов TSPX, TECH, TIPO и TBIO так мала (0,0011 $, 0,0008 $, 0,0008 $ и 0,0006 $ соответственно)?**",133,22
"╨ƒ╨╛╨│╨░╤ê╨╡╨╜╨╕╨╡ ╤ç╨░╤ü╤é╨╕ ╨┐╨░╨╡╨▓ TSPX, TECH, TIPO, TBIO",**Как удерживается налог с суммы погашения паев?**,50,7
"╨ƒ╨╛╨│╨░╤ê╨╡╨╜╨╕╨╡ ╤ç╨░╤ü╤é╨╕ ╨┐╨░╨╡╨▓ TSPX, TECH, TIPO, TBIO","**Что делать, если после частичного погашения паев количество паев фонда уменьшилось, но доля иностранных активов в каждом пае увеличилась?**",141,19
"╨í╨╗╤â╤ç╨░╨╕, ╨║╨╛╨│╨┤╨░ ╨╜╨░╨╗╨╛╨│ ╨╜╤â╨╢╨╜╨╛ ╨┐╨╗╨░╤é╨╕╤é╤î ╤ü╨░╨╝╨╛╤ü╤é╨╛╤Å╤é╨╡╨╗╤î╨╜╨╛",**Какие инвестиции облагаются налогом и когда нужно самостоятельно подавать декларацию 3-НДФЛ?**,96,11
"╨í╨╗╤â╤ç╨░╨╕, ╨║╨╛╨│╨┤╨░ ╨╜╨░╨╗╨╛╨│ ╨╜╤â╨╢╨╜╨╛ ╨┐╨╗╨░╤é╨╕╤é╤î ╤ü╨░╨╝╨╛╤ü╤é╨╛╤Å╤é╨╡╨╗╤î╨╜╨╛",**Какие документы подтверждают доходы в пределах РФ и за пределами РФ при подаче декларации 3-НДФЛ?**,101,15
"╨í╨╗╤â╤ç╨░╨╕, ╨║╨╛╨│╨┤╨░ ╨╜╨░╨╗╨╛╨│ ╨╜╤â╨╢╨╜╨╛ ╨┐╨╗╨░╤é╨╕╤é╤î ╤ü╨░╨╝╨╛╤ü╤é╨╛╤Å╤é╨╡╨╗╤î╨╜╨╛",**Как правильно заполнить декларацию 3-НДФЛ по инвестициям?**,61,7
"╨í╨╗╤â╤ç╨░╨╕, ╨║╨╛╨│╨┤╨░ ╨╜╨░╨╗╨╛╨│ ╨╜╤â╨╢╨╜╨╛ ╨┐╨╗╨░╤é╨╕╤é╤î ╤ü╨░╨╝╨╛╤ü╤é╨╛╤Å╤é╨╡╨╗╤î╨╜╨╛",**Какие налоговые вычеты можно использовать при подаче декларации 3-НДФЛ по инвестициям?**,90,11
"╨í╨╗╤â╤ç╨░╨╕, ╨║╨╛╨│╨┤╨░ ╨╜╨░╨╗╨╛╨│ ╨╜╤â╨╢╨╜╨╛ ╨┐╨╗╨░╤é╨╕╤é╤î ╤ü╨░╨╝╨╛╤ü╤é╨╛╤Å╤é╨╡╨╗╤î╨╜╨╛",**Какие сроки подачи и уплаты налога с инвестиций установлены законодательством РФ?**,85,11
╨Ü╨░╨║ ╨╖╨░╤Ç╨░╨▒╨╛╤é╨░╤é╤î ╨╜╨░ ╨░╨║╤å╨╕╤Å╤à,**Что такое брокерский счет и как его открыть?**,48,8
╨Ü╨░╨║ ╨╖╨░╤Ç╨░╨▒╨╛╤é╨░╤é╤î ╨╜╨░ ╨░╨║╤å╨╕╤Å╤à,**Какие существуют способы заработка на акциях?**,49,6
╨Ü╨░╨║ ╨╖╨░╤Ç╨░╨▒╨╛╤é╨░╤é╤î ╨╜╨░ ╨░╨║╤å╨╕╤Å╤à,**Как выбрать акции для покупки?**,34,5
╨Ü╨░╨║ ╨╖╨░╤Ç╨░╨▒╨╛╤é╨░╤é╤î ╨╜╨░ ╨░╨║╤å╨╕╤Å╤à,**Какие существуют риски при инвестировании в акции?**,54,7
╨Ü╨░╨║ ╨╖╨░╤Ç╨░╨▒╨╛╤é╨░╤é╤î ╨╜╨░ ╨░╨║╤å╨╕╤Å╤à,**Какие инструменты и стратегии доступны для частных инвесторов?**,66,8
╨ƒ╨░╤Ç╨░╨╝╨╡╤é╤Ç╤ï ╤ü╤é╤Ç╨░╤é╨╡╨│╨╕╨╕ ╨░╨▓╤é╨╛╤ü╨╗╨╡╨┤╨╛╨▓╨░╨╜╨╕╤Å,Что такое автоследование в Т-Инвестициях?,41,5
╨ƒ╨░╤Ç╨░╨╝╨╡╤é╤Ç╤ï ╤ü╤é╤Ç╨░╤é╨╡╨│╨╕╨╕ ╨░╨▓╤é╨╛╤ü╨╗╨╡╨┤╨╛╨▓╨░╨╜╨╕╤Å,Почему реальная доходность подписчика может отличаться от доходности автора стратегии?,86,10
╨ƒ╨░╤Ç╨░╨╝╨╡╤é╤Ç╤ï ╤ü╤é╤Ç╨░╤é╨╡╨│╨╕╨╕ ╨░╨▓╤é╨╛╤ü╨╗╨╡╨┤╨╛╨▓╨░╨╜╨╕╤Å,Что такое емкость стратегии?,28,4
╨ƒ╨░╤Ç╨░╨╝╨╡╤é╤Ç╤ï ╤ü╤é╤Ç╨░╤é╨╡╨│╨╕╨╕ ╨░╨▓╤é╨╛╤ü╨╗╨╡╨┤╨╛╨▓╨░╨╜╨╕╤Å,Что такое уровень риска стратегии?,34,5
╨ƒ╨░╤Ç╨░╨╝╨╡╤é╤Ç╤ï ╤ü╤é╤Ç╨░╤é╨╡╨│╨╕╨╕ ╨░╨▓╤é╨╛╤ü╨╗╨╡╨┤╨╛╨▓╨░╨╜╨╕╤Å,Что такое точность следования?,30,4
╨₧╤ü╨╛╨▒╨╡╨╜╨╜╨╛╤ü╤é╨╕ ╨╕╨╜╨▓╨╡╤ü╤é╨╕╤Ç╨╛╨▓╨░╨╜╨╕╤Å ╨╜╨░ ╨▒╨╕╤Ç╨╢╨╡,Что такое брокерский счет и как его открыть?,44,8
╨₧╤ü╨╛╨▒╨╡╨╜╨╜╨╛╤ü╤é╨╕ ╨╕╨╜╨▓╨╡╤ü╤é╨╕╤Ç╨╛╨▓╨░╨╜╨╕╤Å ╨╜╨░ ╨▒╨╕╤Ç╨╢╨╡,Что такое сложный процент и как он работает?,44,8
╨₧╤ü╨╛╨▒╨╡╨╜╨╜╨╛╤ü╤é╨╕ ╨╕╨╜╨▓╨╡╤ü╤é╨╕╤Ç╨╛╨▓╨░╨╜╨╕╤Å ╨╜╨░ ╨▒╨╕╤Ç╨╢╨╡,Что такое статус квалифицированного инвестора и зачем он нужен?,63,9
╨₧╤ü╨╛╨▒╨╡╨╜╨╜╨╛╤ü╤é╨╕ ╨╕╨╜╨▓╨╡╤ü╤é╨╕╤Ç╨╛╨▓╨░╨╜╨╕╤Å ╨╜╨░ ╨▒╨╕╤Ç╨╢╨╡,Что такое сделки РЕПО и как они работают?,41,8
╨₧╤ü╨╛╨▒╨╡╨╜╨╜╨╛╤ü╤é╨╕ ╨╕╨╜╨▓╨╡╤ü╤é╨╕╤Ç╨╛╨▓╨░╨╜╨╕╤Å ╨╜╨░ ╨▒╨╕╤Ç╨╢╨╡,Что такое овернайт на брокерском счете и как это влияет на инвестора?,69,12
╨Ü╨░╨║ ╨╛╤é╨║╤Ç╤ï╤é╤î ╨╕ ╨┐╨╛╨╗╤î╨╖╨╛╨▓╨░╤é╤î╤ü╤Å ╨ÿ╨╜╨▓╨╡╤ü╤é╨║╨╛╨┐╨╕╨╗╨║╨╛╨╕╠å,**Как открыть Инвесткопилку в приложении Т‑Банка?**,51,6
╨Ü╨░╨║ ╨╛╤é╨║╤Ç╤ï╤é╤î ╨╕ ╨┐╨╛╨╗╤î╨╖╨╛╨▓╨░╤é╤î╤ü╤Å ╨ÿ╨╜╨▓╨╡╤ü╤é╨║╨╛╨┐╨╕╨╗╨║╨╛╨╕╠å,**Какие ограничения есть при использовании Инвесткопилки?**,59,6
╨Ü╨░╨║ ╨╛╤é╨║╤Ç╤ï╤é╤î ╨╕ ╨┐╨╛╨╗╤î╨╖╨╛╨▓╨░╤é╤î╤ü╤Å ╨ÿ╨╜╨▓╨╡╤ü╤é╨║╨╛╨┐╨╕╨╗╨║╨╛╨╕╠å,**Как пополнить Инвесткопилку вручную?**,40,4
╨Ü╨░╨║ ╨╛╤é╨║╤Ç╤ï╤é╤î ╨╕ ╨┐╨╛╨╗╤î╨╖╨╛╨▓╨░╤é╤î╤ü╤Å ╨ÿ╨╜╨▓╨╡╤ü╤é╨║╨╛╨┐╨╕╨╗╨║╨╛╨╕╠å,**Как настроить автопополнение Инвесткопилки?**,47,4
╨₧╤ü╨╛╨▒╨╡╨╜╨╜╨╛╤ü╤é╨╕ ╨╜╨░╨╗╨╛╨│╨╛╨╛╨▒╨╗╨╛╨╢╨╡╨╜╨╕╤Å ╨ÿ╨ÿ╨í,"**Как удерживается налог с доходов, полученных на ИИС?**",56,8
╨₧╤ü╨╛╨▒╨╡╨╜╨╜╨╛╤ü╤é╨╕ ╨╜╨░╨╗╨╛╨│╨╛╨╛╨▒╨╗╨╛╨╢╨╡╨╜╨╕╤Å ╨ÿ╨ÿ╨í,**Можно ли объединить убытки и доходы по ИИС и брокерским счетам?**,67,11
╨₧╤ü╨╛╨▒╨╡╨╜╨╜╨╛╤ü╤é╨╕ ╨╜╨░╨╗╨╛╨│╨╛╨╛╨▒╨╗╨╛╨╢╨╡╨╜╨╕╤Å ╨ÿ╨ÿ╨í,**Какие налоговые вычеты доступны по ИИС?**,43,6
╨₧╤ü╨╛╨▒╨╡╨╜╨╜╨╛╤ü╤é╨╕ ╨╜╨░╨╗╨╛╨│╨╛╨╛╨▒╨╗╨╛╨╢╨╡╨╜╨╕╤Å ╨ÿ╨ÿ╨í,**Как переносить убытки прошлых лет на ИИС?**,45,7
╨Ü╨░╨║ ╨╖╨░╨│╤Ç╤â╨╖╨╕╤é╤î ╨│╨╛╤é╨╛╨▓╤â╤Ä ╨┤╨╡╨║╨╗╨░╤Ç╨░╤å╨╕╤Ä 3Γüá-Γüá╨¥╨ö╨ñ╨¢ ╨▓ ╤ä╨╛╤Ç╨╝╨░╤é╨╡.xml,**Как можно авторизоваться в личном кабинете налогоплательщика для подачи декларации 3-НДФЛ?**,94,11
╨Ü╨░╨║ ╨╖╨░╨│╤Ç╤â╨╖╨╕╤é╤î ╨│╨╛╤é╨╛╨▓╤â╤Ä ╨┤╨╡╨║╨╗╨░╤Ç╨░╤å╨╕╤Ä 3Γüá-Γüá╨¥╨ö╨ñ╨¢ ╨▓ ╤ä╨╛╤Ç╨╝╨░╤é╨╡.xml,"**Какие действия нужно выполнить, чтобы получить электронную подпись (ЭП) для подачи декларации 3-НДФЛ?**",105,13
╨Ü╨░╨║ ╨╖╨░╨│╤Ç╤â╨╖╨╕╤é╤î ╨│╨╛╤é╨╛╨▓╤â╤Ä ╨┤╨╡╨║╨╗╨░╤Ç╨░╤å╨╕╤Ä 3Γüá-Γüá╨¥╨ö╨ñ╨¢ ╨▓ ╤ä╨╛╤Ç╨╝╨░╤é╨╡.xml,**Как правильно загрузить готовую декларацию 3-НДФЛ в формате .xml в личном кабинете налогоплательщика?**,105,13
╨Ü╨░╨║ ╨╖╨░╨│╤Ç╤â╨╖╨╕╤é╤î ╨│╨╛╤é╨╛╨▓╤â╤Ä ╨┤╨╡╨║╨╗╨░╤Ç╨░╤å╨╕╤Ä 3Γüá-Γüá╨¥╨ö╨ñ╨¢ ╨▓ ╤ä╨╛╤Ç╨╝╨░╤é╨╡.xml,**Какие документы необходимо загрузить после подачи декларации 3-НДФЛ?**,72,8
╨Ü╨░╨║ ╨╖╨░╨│╤Ç╤â╨╖╨╕╤é╤î ╨│╨╛╤é╨╛╨▓╤â╤Ä ╨┤╨╡╨║╨╗╨░╤Ç╨░╤å╨╕╤Ä 3Γüá-Γüá╨¥╨ö╨ñ╨¢ ╨▓ ╤ä╨╛╤Ç╨╝╨░╤é╨╡.xml,**Какие шаги нужно выполнить для завершения подачи декларации 3-НДФЛ?**,71,9
╨Ü╨░╨║ ╨┐╨╛╨╗╤î╨╖╨╛╨▓╨░╤é╤î╤ü╤Å ╤é╨╡╤Ç╨╝╨╕╨╜╨░╨╗╨╛╨╝,Что такое виджеты и зачем они нужны в терминале Т‑Инвестиций?,61,10
╨Ü╨░╨║ ╨┐╨╛╨╗╤î╨╖╨╛╨▓╨░╤é╤î╤ü╤Å ╤é╨╡╤Ç╨╝╨╕╨╜╨░╨╗╨╛╨╝,Для чего нужен виджет «Портфель»?,33,5
╨Ü╨░╨║ ╨┐╨╛╨╗╤î╨╖╨╛╨▓╨░╤é╤î╤ü╤Å ╤é╨╡╤Ç╨╝╨╕╨╜╨░╨╗╨╛╨╝,Как работает виджет «Лента сигналов»?,37,5
╨Ü╨░╨║ ╨┐╨╛╨╗╤î╨╖╨╛╨▓╨░╤é╤î╤ü╤Å ╤é╨╡╤Ç╨╝╨╕╨╜╨░╨╗╨╛╨╝,"Как быстро закрыть, перевернуть, увеличить или сократить позицию по активу?",75,10
╨Ü╨░╨║ ╨┐╨╛╨╗╤î╨╖╨╛╨▓╨░╤é╤î╤ü╤Å ╤é╨╡╤Ç╨╝╨╕╨╜╨░╨╗╨╛╨╝,Как рассчитывается доходность портфеля в терминале Т‑Инвестиций?,64,7
╨₧╨▒ ╤â╨┐╤Ç╨░╨▓╨╗╤Å╤Ä╤ë╨╡╨╕╠å ╨║╨╛╨╝╨┐╨░╨╜╨╕╨╕ ╨óΓÇæ╨Ü╨░╨┐╨╕╤é╨░╨╗,**Что такое управляющая компания и зачем она нужна инвестору?**,63,9
╨₧╨▒ ╤â╨┐╤Ç╨░╨▓╨╗╤Å╤Ä╤ë╨╡╨╕╠å ╨║╨╛╨╝╨┐╨░╨╜╨╕╨╕ ╨óΓÇæ╨Ü╨░╨┐╨╕╤é╨░╨╗,**Какие преимущества инвестирования через управляющую компанию по сравнению с самостоятельными вложениями на бирже?**,117,13
╨₧╨▒ ╤â╨┐╤Ç╨░╨▓╨╗╤Å╤Ä╤ë╨╡╨╕╠å ╨║╨╛╨╝╨┐╨░╨╜╨╕╨╕ ╨óΓÇæ╨Ü╨░╨┐╨╕╤é╨░╨╗,**Как управляющая компания удерживает комиссию за управление активами?**,72,8
╨₧╨▒ ╤â╨┐╤Ç╨░╨▓╨╗╤Å╤Ä╤ë╨╡╨╕╠å ╨║╨╛╨╝╨┐╨░╨╜╨╕╨╕ ╨óΓÇæ╨Ü╨░╨┐╨╕╤é╨░╨╗,"**Что делать инвестору, если управляющая компания обанкротится?**",65,7
╨₧╨▒ ╤â╨┐╤Ç╨░╨▓╨╗╤Å╤Ä╤ë╨╡╨╕╠å ╨║╨╛╨╝╨┐╨░╨╜╨╕╨╕ ╨óΓÇæ╨Ü╨░╨┐╨╕╤é╨░╨╗,**Застрахованы ли вложения в паевые инвестиционные фонды управляющей компании?**,80,9
╨Ü╨░╨║ ╤Ç╨░╨▒╨╛╤é╨░╨╡╤é ╨░╨▓╤é╨╛╤ü╨╗╨╡╨┤╨╛╨▓╨░╨╜╨╕╨╡ ╨▓ ╨óΓüá-Γüá╨ÿ╨╜╨▓╨╡╤ü╤é╨╕╤å╨╕╤Å╤à,**Что такое автоследование в Т-Инвестициях и зачем оно нужно?**,63,9
╨Ü╨░╨║ ╤Ç╨░╨▒╨╛╤é╨░╨╡╤é ╨░╨▓╤é╨╛╤ü╨╗╨╡╨┤╨╛╨▓╨░╨╜╨╕╨╡ ╨▓ ╨óΓüá-Γüá╨ÿ╨╜╨▓╨╡╤ü╤é╨╕╤å╨╕╤Å╤à,**Кто может стать автором стратегии автоследования в Т-Инвестициях?**,69,8
╨Ü╨░╨║ ╤Ç╨░╨▒╨╛╤é╨░╨╡╤é ╨░╨▓╤é╨╛╤ü╨╗╨╡╨┤╨╛╨▓╨░╨╜╨╕╨╡ ╨▓ ╨óΓüá-Γüá╨ÿ╨╜╨▓╨╡╤ü╤é╨╕╤å╨╕╤Å╤à,**Как технически выглядит процесс автоследования?**,51,5
╨Ü╨░╨║ ╤Ç╨░╨▒╨╛╤é╨░╨╡╤é ╨░╨▓╤é╨╛╤ü╨╗╨╡╨┤╨╛╨▓╨░╨╜╨╕╨╡ ╨▓ ╨óΓüá-Γüá╨ÿ╨╜╨▓╨╡╤ü╤é╨╕╤å╨╕╤Å╤à,**Какие риски существуют при автоследовании?**,46,5
╨Ü╨░╨║ ╤Ç╨░╨▒╨╛╤é╨░╨╡╤é ╨░╨▓╤é╨╛╤ü╨╗╨╡╨┤╨╛╨▓╨░╨╜╨╕╨╡ ╨▓ ╨óΓüá-Γüá╨ÿ╨╜╨▓╨╡╤ü╤é╨╕╤å╨╕╤Å╤à,**Как отключить автоследование?**,33,3
╨Ü╨░╨║ ╨▓ ╤é╨╡╤Ç╨╝╨╕╨╜╨░╨╗╨╡ ╨▓╤ï╨▒╤Ç╨░╤é╤î ╨░╨║╤é╨╕╨▓╤ï ╨┤╨╗╤Å ╨▒╨╕╤Ç╨╢╨╡╨▓╨╛╨╕╠å ╤é╨╛╤Ç╨│╨╛╨▓╨╗╨╕,**Как настроить уведомления об изменении цены актива в терминале Т⁠-⁠Инвестиций?**,82,10
╨Ü╨░╨║ ╨▓ ╤é╨╡╤Ç╨╝╨╕╨╜╨░╨╗╨╡ ╨▓╤ï╨▒╤Ç╨░╤é╤î ╨░╨║╤é╨╕╨▓╤ï ╨┤╨╗╤Å ╨▒╨╕╤Ç╨╢╨╡╨▓╨╛╨╕╠å ╤é╨╛╤Ç╨│╨╛╨▓╨╗╨╕,"**Что делать, если уведомления от терминала Т⁠-⁠Инвестиций не приходят в браузере?**",84,11
╨Ü╨░╨║ ╨▓ ╤é╨╡╤Ç╨╝╨╕╨╜╨░╨╗╨╡ ╨▓╤ï╨▒╤Ç╨░╤é╤î ╨░╨║╤é╨╕╨▓╤ï ╨┤╨╗╤Å ╨▒╨╕╤Ç╨╢╨╡╨▓╨╛╨╕╠å ╤é╨╛╤Ç╨│╨╛╨▓╨╗╨╕,**Как настроить уведомления в браузере Google Chrome для работы с терминалом Т⁠-⁠Инвестиций?**,94,12
╨Ü╨░╨║ ╤é╤Ç╨░╨╜╤ü╤ä╨╛╤Ç╨╝╨╕╤Ç╨╛╨▓╨░╤é╤î ╨ÿ╨ÿ╨í ╤ü╤é╨░╤Ç╨╛╨│╨╛ ╤é╨╕╨┐╨░ ╨▓ ╨╜╨╛╨▓╤ï╨╕╠å,**Что такое ИИС нового типа и чем он отличается от старого ИИС?**,65,12
╨Ü╨░╨║ ╤é╤Ç╨░╨╜╤ü╤ä╨╛╤Ç╨╝╨╕╤Ç╨╛╨▓╨░╤é╤î ╨ÿ╨ÿ╨í ╤ü╤é╨░╤Ç╨╛╨│╨╛ ╤é╨╕╨┐╨░ ╨▓ ╨╜╨╛╨▓╤ï╨╕╠å,**Каким образом можно трансформировать старый ИИС в новый ИИС (ИИС-3)?**,72,10
╨Ü╨░╨║ ╤é╤Ç╨░╨╜╤ü╤ä╨╛╤Ç╨╝╨╕╤Ç╨╛╨▓╨░╤é╤î ╨ÿ╨ÿ╨í ╤ü╤é╨░╤Ç╨╛╨│╨╛ ╤é╨╕╨┐╨░ ╨▓ ╨╜╨╛╨▓╤ï╨╕╠å,**В какой срок необходимо подать заявление о трансформации ИИС в налоговую службу?**,84,12
╨Ü╨░╨║ ╤é╤Ç╨░╨╜╤ü╤ä╨╛╤Ç╨╝╨╕╤Ç╨╛╨▓╨░╤é╤î ╨ÿ╨ÿ╨í ╤ü╤é╨░╤Ç╨╛╨│╨╛ ╤é╨╕╨┐╨░ ╨▓ ╨╜╨╛╨▓╤ï╨╕╠å,**Как правильно заполнить и подать заявление о трансформации ИИС в налоговую службу?**,86,12
╨ÿ╨ÿ╨í,Что такое ИИС?,14,3
╨ÿ╨ÿ╨í,Какие существуют типы налоговых вычетов по ИИС?,47,7
╨ÿ╨ÿ╨í,Можно ли частично вывести деньги с ИИС?,39,7
╨ÿ╨ÿ╨í,Как закрыть ИИС?,16,3
╨ÿ╨ÿ╨í,Как получить налоговый вычет по ИИС?,36,6
╨ñ╨╛╨╜╨┤╤ï ╨óΓüá-Γüá╨Ü╨░╨┐╨╕╤é╨░╨╗╨░,**Какие преимущества инвестирования в фонды Т⁠-⁠Капитала по сравнению с самостоятельным инвестированием в акции и облигации?**,126,15
╨ñ╨╛╨╜╨┤╤ï ╨óΓüá-Γüá╨Ü╨░╨┐╨╕╤é╨░╨╗╨░,**Какую минимальную сумму можно инвестировать в фонды Т⁠-⁠Капитала?**,69,8
╨ñ╨╛╨╜╨┤╤ï ╨óΓüá-Γüá╨Ü╨░╨┐╨╕╤é╨░╨╗╨░,**Какие комиссии и расходы существуют при инвестировании в фонды Т⁠-⁠Капитала?**,80,10
╨ñ╨╛╨╜╨┤╤ï ╨óΓüá-Γüá╨Ü╨░╨┐╨╕╤é╨░╨╗╨░,**Какие риски существуют при инвестировании в фонды недвижимости от Т⁠-⁠Капитала?**,83,10
╨ñ╨╛╨╜╨┤╤ï ╨óΓüá-Γüá╨Ü╨░╨┐╨╕╤é╨░╨╗╨░,**Какие документы и подтверждения необходимы для подтверждения владения паями фондов Т⁠-⁠Капитала?**,100,11
╨Ü╨░╨║ ╨┐╨╛╨┐╨╛╨╗╨╜╨╕╤é╤î ╨▒╤Ç╨╛╨║╨╡╤Ç╤ü╨║╨╕╨╕╠å ╤ü╤ç╨╡╤é,**Какие способы пополнения брокерского счета доступны в Т‑Инвестициях?**,72,8
╨Ü╨░╨║ ╨┐╨╛╨┐╨╛╨╗╨╜╨╕╤é╤î ╨▒╤Ç╨╛╨║╨╡╤Ç╤ü╨║╨╕╨╕╠å ╤ü╤ç╨╡╤é,**Как пополнить брокерский счет через Систему быстрых платежей (СБП)?**,71,9
╨Ü╨░╨║ ╨┐╨╛╨┐╨╛╨╗╨╜╨╕╤é╤î ╨▒╤Ç╨╛╨║╨╡╤Ç╤ü╨║╨╕╨╕╠å ╤ü╤ç╨╡╤é,**Как настроить автопополнение брокерского счета?**,51,5
╨Ü╨░╨║ ╨┐╨╛╨┐╨╛╨╗╨╜╨╕╤é╤î ╨▒╤Ç╨╛╨║╨╡╤Ç╤ü╨║╨╕╨╕╠å ╤ü╤ç╨╡╤é,**Какие ограничения и комиссии существуют при пополнении брокерского счета?**,77,9
╨Ü╨░╨║ ╨╖╨░╤Ç╨░╨▒╨╛╤é╨░╤é╤î ╨╜╨░ ╨╛╨▒╨╗╨╕╨│╨░╤å╨╕╤Å╤à,Что такое номинальная стоимость облигации?,42,5
╨Ü╨░╨║ ╨╖╨░╤Ç╨░╨▒╨╛╤é╨░╤é╤î ╨╜╨░ ╨╛╨▒╨╗╨╕╨│╨░╤å╨╕╤Å╤à,Что такое купоны по облигации?,30,5
╨Ü╨░╨║ ╨╖╨░╤Ç╨░╨▒╨╛╤é╨░╤é╤î ╨╜╨░ ╨╛╨▒╨╗╨╕╨│╨░╤å╨╕╤Å╤à,Что такое амортизация облигации?,32,4
╨Ü╨░╨║ ╨╖╨░╤Ç╨░╨▒╨╛╤é╨░╤é╤î ╨╜╨░ ╨╛╨▒╨╗╨╕╨│╨░╤å╨╕╤Å╤à,Что такое НКД (накопленный купонный доход)?,43,6
╨Ü╨░╨║ ╨╖╨░╤Ç╨░╨▒╨╛╤é╨░╤é╤î ╨╜╨░ ╨╛╨▒╨╗╨╕╨│╨░╤å╨╕╤Å╤à,Как происходит погашение облигации?,35,4
╨í╨╡╤Ç╨▓╨╕╤ü╤ï ╨óΓüá-Γüá╨ÿ╨╜╨▓╨╡╤ü╤é╨╕╤å╨╕╨╕╠å,**Какие основные банковские продукты и услуги предлагает Т⁠-⁠Инвестиции для частных лиц?**,90,11
╨í╨╡╤Ç╨▓╨╕╤ü╤ï ╨óΓüá-Γüá╨ÿ╨╜╨▓╨╡╤ü╤é╨╕╤å╨╕╨╕╠å,**Какие услуги и продукты доступны для бизнеса в Т⁠-⁠Инвестициях?**,67,9
╨í╨╡╤Ç╨▓╨╕╤ü╤ï ╨óΓüá-Γüá╨ÿ╨╜╨▓╨╡╤ü╤é╨╕╤å╨╕╨╕╠å,**Какие инвестиционные продукты и услуги доступны в Т⁠-⁠Инвестициях?**,70,8
╨á╨╕╤ü╨║ ╨╝╨░╨╜╨╕╨┐╤â╨╗╤Å╤å╨╕╨╕╠å ╨╜╨░ ╨▒╨╕╤Ç╨╢╨╡,**Что такое манипулирование рынком и почему это опасно для инвесторов и экономики в целом?**,92,14
╨á╨╕╤ü╨║ ╨╝╨░╨╜╨╕╨┐╤â╨╗╤Å╤å╨╕╨╕╠å ╨╜╨░ ╨▒╨╕╤Ç╨╢╨╡,**Какие действия брокера могут быть расценены как попытка манипулирования рынком?**,83,10
╨á╨╕╤ü╨║ ╨╝╨░╨╜╨╕╨┐╤â╨╗╤Å╤å╨╕╨╕╠å ╨╜╨░ ╨▒╨╕╤Ç╨╢╨╡,**Как можно избежать привлечения внимания брокера и Центробанка к своим действиям на бирже?**,93,13
╨á╨╕╤ü╨║ ╨╝╨░╨╜╨╕╨┐╤â╨╗╤Å╤å╨╕╨╕╠å ╨╜╨░ ╨▒╨╕╤Ç╨╢╨╡,"**Какие последствия могут быть у инвестора, если его действия будут квалифицированы как манипулирование рынком?**",113,14
╨á╨╕╤ü╨║ ╨╝╨░╨╜╨╕╨┐╤â╨╗╤Å╤å╨╕╨╕╠å ╨╜╨░ ╨▒╨╕╤Ç╨╢╨╡,**Какие советы помогут инвестору не стать участником манипуляций на бирже?**,76,10
╨º╤é╨╛ ╨┐╤Ç╨╛╨╕╤ü╤à╨╛╨┤╨╕╤é ╨╜╨░ ╨▒╨╕╤Ç╨╢╨╡: ╨▓╨░╨╢╨╜╨░╤Å ╨╕╨╜╤ä╨╛╤Ç╨╝╨░╤å╨╕╤Å ╨┤╨╗╤Å ╨║╨╗╨╕╨╡╨╜╤é╨╛╨▓ ╨óΓÇæ╨ÿ╨╜╨▓╨╡╤ü╤é╨╕╤å╨╕╨╕╠å,**Какие иностранные ценные бумаги временно не торгуются на бирже из-за санкций?**,81,11
╨º╤é╨╛ ╨┐╤Ç╨╛╨╕╤ü╤à╨╛╨┤╨╕╤é ╨╜╨░ ╨▒╨╕╤Ç╨╢╨╡: ╨▓╨░╨╢╨╜╨░╤Å ╨╕╨╜╤ä╨╛╤Ç╨╝╨░╤å╨╕╤Å ╨┤╨╗╤Å ╨║╨╗╨╕╨╡╨╜╤é╨╛╨▓ ╨óΓÇæ╨ÿ╨╜╨▓╨╡╤ü╤é╨╕╤å╨╕╨╕╠å,**Какие валюты можно торговать на бирже сейчас?**,49,7
╨º╤é╨╛ ╨┐╤Ç╨╛╨╕╤ü╤à╨╛╨┤╨╕╤é ╨╜╨░ ╨▒╨╕╤Ç╨╢╨╡: ╨▓╨░╨╢╨╜╨░╤Å ╨╕╨╜╤ä╨╛╤Ç╨╝╨░╤å╨╕╤Å ╨┤╨╗╤Å ╨║╨╗╨╕╨╡╨╜╤é╨╛╨▓ ╨óΓÇæ╨ÿ╨╜╨▓╨╡╤ü╤é╨╕╤å╨╕╨╕╠å,**Как можно получить компенсацию дивидендов по заблокированным иностранным акциям?**,84,9
╨º╤é╨╛ ╨┐╤Ç╨╛╨╕╤ü╤à╨╛╨┤╨╕╤é ╨╜╨░ ╨▒╨╕╤Ç╨╢╨╡: ╨▓╨░╨╢╨╜╨░╤Å ╨╕╨╜╤ä╨╛╤Ç╨╝╨░╤å╨╕╤Å ╨┤╨╗╤Å ╨║╨╗╨╕╨╡╨╜╤é╨╛╨▓ ╨óΓÇæ╨ÿ╨╜╨▓╨╡╤ü╤é╨╕╤å╨╕╨╕╠å,**Можно ли продать заблокированные иностранные бумаги по указу № 844?**,71,10
╨º╤é╨╛ ╨┐╤Ç╨╛╨╕╤ü╤à╨╛╨┤╨╕╤é ╨╜╨░ ╨▒╨╕╤Ç╨╢╨╡: ╨▓╨░╨╢╨╜╨░╤Å ╨╕╨╜╤ä╨╛╤Ç╨╝╨░╤å╨╕╤Å ╨┤╨╗╤Å ╨║╨╗╨╕╨╡╨╜╤é╨╛╨▓ ╨óΓÇæ╨ÿ╨╜╨▓╨╡╤ü╤é╨╕╤å╨╕╨╕╠å,**Какие риски связаны с торговлей иностранными акциями и валютами?**,68,9
╨₧╨▒╨╗╨╕╨│╨░╤å╨╕╨╕ ╤ü╨╛ ╤ü╤é╤Ç╤â╨║╤é╤â╤Ç╨╜╤ï╨╝ ╨┤╨╛╤à╨╛╨┤╨╛╨╝,**Что такое облигация со структурным доходом и как она отличается от обычной облигации?**,89,13
╨₧╨▒╨╗╨╕╨│╨░╤å╨╕╨╕ ╤ü╨╛ ╤ü╤é╤Ç╤â╨║╤é╤â╤Ç╨╜╤ï╨╝ ╨┤╨╛╤à╨╛╨┤╨╛╨╝,**Какие риски связаны с облигациями со структурным доходом?**,61,8
╨₧╨▒╨╗╨╕╨│╨░╤å╨╕╨╕ ╤ü╨╛ ╤ü╤é╤Ç╤â╨║╤é╤â╤Ç╨╜╤ï╨╝ ╨┤╨╛╤à╨╛╨┤╨╛╨╝,**Какова структура выплаты дохода по облигации со структурным доходом при ее погашении?**,89,12
╨₧╨▒╨╗╨╕╨│╨░╤å╨╕╨╕ ╤ü╨╛ ╤ü╤é╤Ç╤â╨║╤é╤â╤Ç╨╜╤ï╨╝ ╨┤╨╛╤à╨╛╨┤╨╛╨╝,**Какие виды купонного дохода могут быть у облигаций со структурным доходом?**,78,11
╨₧╨▒╨╗╨╕╨│╨░╤å╨╕╨╕ ╤ü╨╛ ╤ü╤é╤Ç╤â╨║╤é╤â╤Ç╨╜╤ï╨╝ ╨┤╨╛╤à╨╛╨┤╨╛╨╝,**Почему облигации со структурным доходом могут быть менее привлекательными по сравнению с обычными облигациями?**,114,14
╨ó╤Ç╨╡╨╕╠å╨┤╨╕╨╜╨│ ╨╕ ╤é╨╡╤à╨╜╨╕╤ç╨╡╤ü╨║╨╕╨╕╠å ╨░╨╜╨░╨╗╨╕╨╖,Что такое технический анализ и какие методы анализа графиков существуют?,72,10
╨ó╤Ç╨╡╨╕╠å╨┤╨╕╨╜╨│ ╨╕ ╤é╨╡╤à╨╜╨╕╤ç╨╡╤ü╨║╨╕╨╕╠å ╨░╨╜╨░╨╗╨╕╨╖,Что такое скользящие средние (MA и EMA) и как они используются в трейдинге?,75,13
╨ó╤Ç╨╡╨╕╠å╨┤╨╕╨╜╨│ ╨╕ ╤é╨╡╤à╨╜╨╕╤ç╨╡╤ü╨║╨╕╨╕╠å ╨░╨╜╨░╨╗╨╕╨╖,Что такое индикатор MACD и как он используется в трейдинге?,59,10
╨ó╤Ç╨╡╨╕╠å╨┤╨╕╨╜╨│ ╨╕ ╤é╨╡╤à╨╜╨╕╤ç╨╡╤ü╨║╨╕╨╕╠å ╨░╨╜╨░╨╗╨╕╨╖,Что такое индикатор RSI и как он используется в трейдинге?,58,10
╨¢╤î╨│╨╛╤é╨░ ╨╜╨░ ╨┤╨╛╨╗╨│╨╛╤ü╤Ç╨╛╤ç╨╜╨╛╨╡ ╨▓╨╗╨░╨┤╨╡╨╜╨╕╨╡ ╤å╨╡╨╜╨╜╤ï╨╝╨╕ ╨▒╤â╨╝╨░╨│╨░╨╝╨╕ (╨¢╨ö╨Æ),**Что такое налоговый вычет за долгосрочное владение ценными бумагами (ЛДВ)?**,78,10
╨¢╤î╨│╨╛╤é╨░ ╨╜╨░ ╨┤╨╛╨╗╨│╨╛╤ü╤Ç╨╛╤ç╨╜╨╛╨╡ ╨▓╨╗╨░╨┤╨╡╨╜╨╕╨╡ ╤å╨╡╨╜╨╜╤ï╨╝╨╕ ╨▒╤â╨╝╨░╨│╨░╨╝╨╕ (╨¢╨ö╨Æ),**Как получить налоговый вычет за долгосрочное владение ценными бумагами?**,75,9
╨¢╤î╨│╨╛╤é╨░ ╨╜╨░ ╨┤╨╛╨╗╨│╨╛╤ü╤Ç╨╛╤ç╨╜╨╛╨╡ ╨▓╨╗╨░╨┤╨╡╨╜╨╕╨╡ ╤å╨╡╨╜╨╜╤ï╨╝╨╕ ╨▒╤â╨╝╨░╨│╨░╨╝╨╕ (╨¢╨ö╨Æ),**Какие ценные бумаги попадают под льготу долгосрочного владения?**,67,8
╨¢╤î╨│╨╛╤é╨░ ╨╜╨░ ╨┤╨╛╨╗╨│╨╛╤ü╤Ç╨╛╤ç╨╜╨╛╨╡ ╨▓╨╗╨░╨┤╨╡╨╜╨╕╨╡ ╤å╨╡╨╜╨╜╤ï╨╝╨╕ ╨▒╤â╨╝╨░╨│╨░╨╝╨╕ (╨¢╨ö╨Æ),**Как считается срок владения бумагой для вычета?**,51,7
╨¢╤î╨│╨╛╤é╨░ ╨╜╨░ ╨┤╨╛╨╗╨│╨╛╤ü╤Ç╨╛╤ç╨╜╨╛╨╡ ╨▓╨╗╨░╨┤╨╡╨╜╨╕╨╡ ╤å╨╡╨╜╨╜╤ï╨╝╨╕ ╨▒╤â╨╝╨░╨│╨░╨╝╨╕ (╨¢╨ö╨Æ),**Какую сумму можно освободить от налога с помощью трехлетней льготы?**,71,10
╨ó╨╛╤Ç╨│╨╕ ╤ä╨╛╨╜╨┤╨░╨╝╨╕ ╨óΓüá-Γüá╨Ü╨░╨┐╨╕╤é╨░╨╗╨░,"**Что происходит с валютными Инвесткопилками, в которых заблокированы активы?**",79,9
╨ó╨╛╤Ç╨│╨╕ ╤ä╨╛╨╜╨┤╨░╨╝╨╕ ╨óΓüá-Γüá╨Ü╨░╨┐╨╕╤é╨░╨╗╨░,**Почему фонды TUSD2 и TEUR2 не торгуются на бирже?**,53,9
╨ó╨╛╤Ç╨│╨╕ ╤ä╨╛╨╜╨┤╨░╨╝╨╕ ╨óΓüá-Γüá╨Ü╨░╨┐╨╕╤é╨░╨╗╨░,**Когда иностранные активы фондов будут разблокированы?**,57,6
╨ó╨╛╤Ç╨│╨╕ ╤ä╨╛╨╜╨┤╨░╨╝╨╕ ╨óΓüá-Γüá╨Ü╨░╨┐╨╕╤é╨░╨╗╨░,**Как изменилась расчетная стоимость ЗПИФов с заблокированными активами?**,74,8
╨ó╨╛╤Ç╨│╨╕ ╤ä╨╛╨╜╨┤╨░╨╝╨╕ ╨óΓüá-Γüá╨Ü╨░╨┐╨╕╤é╨░╨╗╨░,**Какие фонды разделились на две части в октябре 2024 года?**,61,10
╨ƒ╤Ç╨╛╨┤╨░╨╢╨░ ╨╖╨░╨▒╨╗╨╛╨║╨╕╤Ç╨╛╨▓╨░╨╜╨╜╤ï╤à ╨╕╨╜╨╛╤ü╤é╤Ç╨░╨╜╨╜╤ï╤à ╨▒╤â╨╝╨░╨│ ╨▓ ╨óΓÇæ╨ÿ╨╜╨▓╨╡╤ü╤é╨╕╤å╨╕╤Å╤à,**Какие активы можно продать в рамках программы по указу № 844?**,65,11
╨ƒ╤Ç╨╛╨┤╨░╨╢╨░ ╨╖╨░╨▒╨╗╨╛╨║╨╕╤Ç╨╛╨▓╨░╨╜╨╜╤ï╤à ╨╕╨╜╨╛╤ü╤é╤Ç╨░╨╜╨╜╤ï╤à ╨▒╤â╨╝╨░╨│ ╨▓ ╨óΓÇæ╨ÿ╨╜╨▓╨╡╤ü╤é╨╕╤å╨╕╤Å╤à,**Какие этапы прошли инвесторы в рамках программы по указу № 844?**,67,11
╨ƒ╤Ç╨╛╨┤╨░╨╢╨░ ╨╖╨░╨▒╨╗╨╛╨║╨╕╤Ç╨╛╨▓╨░╨╜╨╜╤ï╤à ╨╕╨╜╨╛╤ü╤é╤Ç╨░╨╜╨╜╤ï╤à ╨▒╤â╨╝╨░╨│ ╨▓ ╨óΓÇæ╨ÿ╨╜╨▓╨╡╤ü╤é╨╕╤å╨╕╤Å╤à,**Какие способы продажи заблокированных активов существуют?**,61,6
╨ƒ╤Ç╨╛╨┤╨░╨╢╨░ ╨╖╨░╨▒╨╗╨╛╨║╨╕╤Ç╨╛╨▓╨░╨╜╨╜╤ï╤à ╨╕╨╜╨╛╤ü╤é╤Ç╨░╨╜╨╜╤ï╤à ╨▒╤â╨╝╨░╨│ ╨▓ ╨óΓÇæ╨ÿ╨╜╨▓╨╡╤ü╤é╨╕╤å╨╕╤Å╤à,**Можно ли подать новые заявки на продажу заблокированных активов после завершения программы указа № 844?**,107,15
╨ƒ╤Ç╨╛╨┤╨░╨╢╨░ ╨╖╨░╨▒╨╗╨╛╨║╨╕╤Ç╨╛╨▓╨░╨╜╨╜╤ï╤à ╨╕╨╜╨╛╤ü╤é╤Ç╨░╨╜╨╜╤ï╤à ╨▒╤â╨╝╨░╨│ ╨▓ ╨óΓÇæ╨ÿ╨╜╨▓╨╡╤ü╤é╨╕╤å╨╕╤Å╤à,**Какие категории инвесторов могут участвовать в программе по указу № 844?**,76,11
╨ƒ╨╛╨┤╨║╨╗╤Ä╤ç╨╕╤é╤î ╨░╨▓╤é╨╛╤ü╨╗╨╡╨┤╨╛╨▓╨░╨╜╨╕╨╡ ╨▓ ╨óΓüá-Γüá╨ÿ╨╜╨▓╨╡╤ü╤é╨╕╤å╨╕╤Å╤à,Что такое автоследование в Т⁠-⁠Инвестициях?,43,5
╨ƒ╨╛╨┤╨║╨╗╤Ä╤ç╨╕╤é╤î ╨░╨▓╤é╨╛╤ü╨╗╨╡╨┤╨╛╨▓╨░╨╜╨╕╨╡ ╨▓ ╨óΓüá-Γüá╨ÿ╨╜╨▓╨╡╤ü╤é╨╕╤å╨╕╤Å╤à,Кто может быть автором стратегии в автоследовании?,50,7
╨ƒ╨╛╨┤╨║╨╗╤Ä╤ç╨╕╤é╤î ╨░╨▓╤é╨╛╤ü╨╗╨╡╨┤╨╛╨▓╨░╨╜╨╕╨╡ ╨▓ ╨óΓüá-Γüá╨ÿ╨╜╨▓╨╡╤ü╤é╨╕╤å╨╕╤Å╤à,Как технически выглядит автоследование?,39,4
╨ƒ╨╛╨┤╨║╨╗╤Ä╤ç╨╕╤é╤î ╨░╨▓╤é╨╛╤ü╨╗╨╡╨┤╨╛╨▓╨░╨╜╨╕╨╡ ╨▓ ╨óΓüá-Γüá╨ÿ╨╜╨▓╨╡╤ü╤é╨╕╤å╨╕╤Å╤à,Какие риски существуют в автоследовании?,40,5
╨ƒ╨╛╨┤╨║╨╗╤Ä╤ç╨╕╤é╤î ╨░╨▓╤é╨╛╤ü╨╗╨╡╨┤╨╛╨▓╨░╨╜╨╕╨╡ ╨▓ ╨óΓüá-Γüá╨ÿ╨╜╨▓╨╡╤ü╤é╨╕╤å╨╕╤Å╤à,Как подключить и отключить автоследование в Т⁠-⁠Инвестициях?,60,7
╨ñ╤î╤Ä╤ç╨╡╤Ç╤ü╤ï ╨╕ ╨╛╨┐╤å╨╕╨╛╨╜╤ï,Что такое фьючерсы и опционы?,29,5
╨ñ╤î╤Ä╤ç╨╡╤Ç╤ü╤ï ╨╕ ╨╛╨┐╤å╨╕╨╛╨╜╤ï,Какие бывают типы фьючерсов?,28,4
╨ñ╤î╤Ä╤ç╨╡╤Ç╤ü╤ï ╨╕ ╨╛╨┐╤å╨╕╨╛╨╜╤ï,Какие риски связаны с торговлей фьючерсами?,43,6
╨ñ╤î╤Ä╤ç╨╡╤Ç╤ü╤ï ╨╕ ╨╛╨┐╤å╨╕╨╛╨╜╤ï,В чем отличие опциона от фьючерса?,34,6
╨ñ╤î╤Ä╤ç╨╡╤Ç╤ü╤ï ╨╕ ╨╛╨┐╤å╨╕╨╛╨╜╤ï,Какие риски связаны с торговлей опционами?,42,6
╨ñ╨╛╨╜╨┤╤ï ╨╜╨╡╨┤╨▓╨╕╨╢╨╕╨╝╨╛╤ü╤é╨╕ ╨╛╤é ╨óΓÇæ╨Ü╨░╨┐╨╕╤é╨░╨╗╨░,**Какие фонды недвижимости предлагает Т‑Капитал и какова их основная стратегия?**,81,10
╨ñ╨╛╨╜╨┤╤ï ╨╜╨╡╨┤╨▓╨╕╨╢╨╕╨╝╨╛╤ü╤é╨╕ ╨╛╤é ╨óΓÇæ╨Ü╨░╨┐╨╕╤é╨░╨╗╨░,**Какая минимальная сумма требуется для инвестирования в фонды недвижимости Т‑Капитала?**,89,10
╨ñ╨╛╨╜╨┤╤ï ╨╜╨╡╨┤╨▓╨╕╨╢╨╕╨╝╨╛╤ü╤é╨╕ ╨╛╤é ╨óΓÇæ╨Ü╨░╨┐╨╕╤é╨░╨╗╨░,**Какие особенности торгов паями фондов недвижимости Т‑Капитала?**,66,7
╨ñ╨╛╨╜╨┤╤ï ╨╜╨╡╨┤╨▓╨╕╨╢╨╕╨╝╨╛╤ü╤é╨╕ ╨╛╤é ╨óΓÇæ╨Ü╨░╨┐╨╕╤é╨░╨╗╨░,**Что такое налог на материальную выгоду и как он рассчитывается при покупке паев ЗПИФн?**,90,14
╨ñ╨╛╨╜╨┤╤ï ╨╜╨╡╨┤╨▓╨╕╨╢╨╕╨╝╨╛╤ü╤é╨╕ ╨╛╤é ╨óΓÇæ╨Ü╨░╨┐╨╕╤é╨░╨╗╨░,**Какие документы и действия необходимы для покупки паев ЗПИФн?**,65,9
╨Ü╨░╨║ ╤ä╨╕╨╖╨╗╨╕╤å╤â ╨╖╨░╨┐╨╛╨╗╨╜╨╕╤é╤î ╨╛╤é╤ç╨╡╤é ╨╛ ╨┤╨▓╨╕╨╢╨╡╨╜╨╕╨╕ ╤ü╤Ç╨╡╨┤╤ü╤é╨▓ ╨┐╨╛ ╨╖╨░╤Ç╤â╨▒╨╡╨╢╨╜╨╛╨╝╤â ╤ü╤ç╨╡╤é╤â,**Какие категории лиц обязаны подавать отчет о движении средств по зарубежному счету?**,87,12
╨Ü╨░╨║ ╤ä╨╕╨╖╨╗╨╕╤å╤â ╨╖╨░╨┐╨╛╨╗╨╜╨╕╤é╤î ╨╛╤é╤ç╨╡╤é ╨╛ ╨┤╨▓╨╕╨╢╨╡╨╜╨╕╨╕ ╤ü╤Ç╨╡╨┤╤ü╤é╨▓ ╨┐╨╛ ╨╖╨░╤Ç╤â╨▒╨╡╨╢╨╜╨╛╨╝╤â ╤ü╤ç╨╡╤é╤â,**Какие страны исключают необходимость подачи отчета о движении средств по зарубежному счету?**,95,12
╨Ü╨░╨║ ╤ä╨╕╨╖╨╗╨╕╤å╤â ╨╖╨░╨┐╨╛╨╗╨╜╨╕╤é╤î ╨╛╤é╤ç╨╡╤é ╨╛ ╨┤╨▓╨╕╨╢╨╡╨╜╨╕╨╕ ╤ü╤Ç╨╡╨┤╤ü╤é╨▓ ╨┐╨╛ ╨╖╨░╤Ç╤â╨▒╨╡╨╢╨╜╨╛╨╝╤â ╤ü╤ç╨╡╤é╤â,**Как заполнить отчет о движении средств по зарубежному счету через личный кабинет налогоплательщика?**,103,13
╨Ü╨░╨║ ╤ä╨╕╨╖╨╗╨╕╤å╤â ╨╖╨░╨┐╨╛╨╗╨╜╨╕╤é╤î ╨╛╤é╤ç╨╡╤é ╨╛ ╨┤╨▓╨╕╨╢╨╡╨╜╨╕╨╕ ╤ü╤Ç╨╡╨┤╤ü╤é╨▓ ╨┐╨╛ ╨╖╨░╤Ç╤â╨▒╨╡╨╢╨╜╨╛╨╝╤â ╤ü╤ç╨╡╤é╤â,**Какие документы могут потребоваться при подаче отчета о движении средств по зарубежному счету?**,98,13
╨ù╨░╤ç╨╡╨╝ ╨╜╤â╨╢╨╜╨░ ╨ÿ╨╜╨▓╨╡╤ü╤é╨║╨╛╨┐╨╕╨╗╨║╨░,**Что такое Инвесткопилка и как она работает?**,47,7
╨ù╨░╤ç╨╡╨╝ ╨╜╤â╨╢╨╜╨░ ╨ÿ╨╜╨▓╨╡╤ü╤é╨║╨╛╨┐╨╕╨╗╨║╨░,**Чем Инвесткопилка отличается от накопительного и брокерского счетов?**,72,8
╨ù╨░╤ç╨╡╨╝ ╨╜╤â╨╢╨╜╨░ ╨ÿ╨╜╨▓╨╡╤ü╤é╨║╨╛╨┐╨╕╨╗╨║╨░,**Какая может быть доходность по Инвесткопилке?**,49,6
╨ù╨░╤ç╨╡╨╝ ╨╜╤â╨╢╨╜╨░ ╨ÿ╨╜╨▓╨╡╤ü╤é╨║╨╛╨┐╨╕╨╗╨║╨░,**Какие стратегии инвестирования доступны в Инвесткопилке?**,60,6
╨º╤é╨╛ ╤é╨░╨║╨╛╨╡ ╨▒╤Ç╨╛╨║╨╡╤Ç╤ü╨║╨╕╨╕╠å ╤ü╤ç╨╡╤é,**Что такое брокерский счет и для чего он нужен?**,50,9
╨º╤é╨╛ ╤é╨░╨║╨╛╨╡ ╨▒╤Ç╨╛╨║╨╡╤Ç╤ü╨║╨╕╨╕╠å ╤ü╤ç╨╡╤é,**Как начать инвестировать с минимальными вложениями?**,55,6
╨º╤é╨╛ ╤é╨░╨║╨╛╨╡ ╨▒╤Ç╨╛╨║╨╡╤Ç╤ü╨║╨╕╨╕╠å ╤ü╤ç╨╡╤é,**Чем брокерский счет отличается от счета депо?**,49,7
╨º╤é╨╛ ╤é╨░╨║╨╛╨╡ ╨▒╤Ç╨╛╨║╨╡╤Ç╤ü╨║╨╕╨╕╠å ╤ü╤ç╨╡╤é,**Какие дополнительные возможности предоставляет брокерский счет в Т-Инвестициях?**,83,8
╨º╤é╨╛ ╤é╨░╨║╨╛╨╡ ╨▒╤Ç╨╛╨║╨╡╤Ç╤ü╨║╨╕╨╕╠å ╤ü╤ç╨╡╤é,**Застрахованы ли деньги на брокерском счете?**,47,6
"╨₧╨▒╨╗╨╕╨│╨░╤å╨╕╨╕, ╨╛╨▒╨╡╤ü╨┐╨╡╤ç╨╡╨╜╨╜╤ï╨╡ ╨╖╨░╨╗╨╛╨│╨╛╨╝ ╨┤╨╡╨╜╨╡╨╢╨╜╤ï╤à ╤é╤Ç╨╡╨▒╨╛╨▓╨░╨╜╨╕╨╕╠å","**Что такое облигации, обеспеченные залогом денежных требований?**",66,7
"╨₧╨▒╨╗╨╕╨│╨░╤å╨╕╨╕, ╨╛╨▒╨╡╤ü╨┐╨╡╤ç╨╡╨╜╨╜╤ï╨╡ ╨╖╨░╨╗╨╛╨│╨╛╨╝ ╨┤╨╡╨╜╨╡╨╢╨╜╤ï╤à ╤é╤Ç╨╡╨▒╨╛╨▓╨░╨╜╨╕╨╕╠å",**Какие денежные требования могут обеспечивать облигации?**,59,6
"╨₧╨▒╨╗╨╕╨│╨░╤å╨╕╨╕, ╨╛╨▒╨╡╤ü╨┐╨╡╤ç╨╡╨╜╨╜╤ï╨╡ ╨╖╨░╨╗╨╛╨│╨╛╨╝ ╨┤╨╡╨╜╨╡╨╢╨╜╤ï╤à ╤é╤Ç╨╡╨▒╨╛╨▓╨░╨╜╨╕╨╕╠å","**Как работают облигации, обеспеченные залогом денежных требований?**",69,7
"╨₧╨▒╨╗╨╕╨│╨░╤å╨╕╨╕, ╨╛╨▒╨╡╤ü╨┐╨╡╤ç╨╡╨╜╨╜╤ï╨╡ ╨╖╨░╨╗╨╛╨│╨╛╨╝ ╨┤╨╡╨╜╨╡╨╢╨╜╤ï╤à ╤é╤Ç╨╡╨▒╨╛╨▓╨░╨╜╨╕╨╕╠å","**Какие риски связаны с облигациями, обеспеченными залогом денежных требований?**",81,9
"╨₧╨▒╨╗╨╕╨│╨░╤å╨╕╨╕, ╨╛╨▒╨╡╤ü╨┐╨╡╤ç╨╡╨╜╨╜╤ï╨╡ ╨╖╨░╨╗╨╛╨│╨╛╨╝ ╨┤╨╡╨╜╨╡╨╢╨╜╤ï╤à ╤é╤Ç╨╡╨▒╨╛╨▓╨░╨╜╨╕╨╕╠å","**Кто может выпускать облигации, обеспеченные залогом денежных требований?**",76,8
╨Ü╨░╨║ ╨┐╨╛╨┤╨║╨╗╤Ä╤ç╨╕╤é╤î ╨╕ ╨╛╤é╨║╨╗╤Ä╤ç╨╕╤é╤î ╨░╨▓╤é╨╛╤ü╨╗╨╡╨┤╨╛╨▓╨░╨╜╨╕╨╡ ╨▓ ╨óΓüá-Γüá╨ÿ╨╜╨▓╨╡╤ü╤é╨╕╤å╨╕╤Å╤à,**Как подключить автоследование в Т‑Инвестициях?**,50,5
╨Ü╨░╨║ ╨┐╨╛╨┤╨║╨╗╤Ä╤ç╨╕╤é╤î ╨╕ ╨╛╤é╨║╨╗╤Ä╤ç╨╕╤é╤î ╨░╨▓╤é╨╛╤ü╨╗╨╡╨┤╨╛╨▓╨░╨╜╨╕╨╡ ╨▓ ╨óΓüá-Γüá╨ÿ╨╜╨▓╨╡╤ü╤é╨╕╤å╨╕╤Å╤à,**Какие комиссии и условия тарифа действуют при автоследовании в Т‑Инвестициях?**,81,10
╨Ü╨░╨║ ╨┐╨╛╨┤╨║╨╗╤Ä╤ç╨╕╤é╤î ╨╕ ╨╛╤é╨║╨╗╤Ä╤ç╨╕╤é╤î ╨░╨▓╤é╨╛╤ü╨╗╨╡╨┤╨╛╨▓╨░╨╜╨╕╨╡ ╨▓ ╨óΓüá-Γüá╨ÿ╨╜╨▓╨╡╤ü╤é╨╕╤å╨╕╤Å╤à,**Как отключить автоследование в Т‑Инвестициях?**,49,5
╨Ü╨░╨║ ╨┐╨╛╨┤╨║╨╗╤Ä╤ç╨╕╤é╤î ╨╕ ╨╛╤é╨║╨╗╤Ä╤ç╨╕╤é╤î ╨░╨▓╤é╨╛╤ü╨╗╨╡╨┤╨╛╨▓╨░╨╜╨╕╨╡ ╨▓ ╨óΓüá-Γüá╨ÿ╨╜╨▓╨╡╤ü╤é╨╕╤å╨╕╤Å╤à,**Какие ограничения существуют при автоследовании на действующем счете?**,73,8
╨Ü╨░╨║ ╨┐╨╛╨┤╨║╨╗╤Ä╤ç╨╕╤é╤î ╨╕ ╨╛╤é╨║╨╗╤Ä╤ç╨╕╤é╤î ╨░╨▓╤é╨╛╤ü╨╗╨╡╨┤╨╛╨▓╨░╨╜╨╕╨╡ ╨▓ ╨óΓüá-Γüá╨ÿ╨╜╨▓╨╡╤ü╤é╨╕╤å╨╕╤Å╤à,**Как вывести деньги со счета с подключенным автоследованием?**,63,8
╨Ü╨░╨║ ╨▓╤ï╨▓╨╡╤ü╤é╨╕ ╨┤╨╡╨╜╤î╨│╨╕ ╤ü ╨▒╤Ç╨╛╨║╨╡╤Ç╤ü╨║╨╛╨│╨╛ ╤ü╤ç╨╡╤é╨░,**Как вывести деньги с брокерского счета на дебетовую карту Т‑Банка?**,70,10
╨Ü╨░╨║ ╨▓╤ï╨▓╨╡╤ü╤é╨╕ ╨┤╨╡╨╜╤î╨│╨╕ ╤ü ╨▒╤Ç╨╛╨║╨╡╤Ç╤ü╨║╨╛╨│╨╛ ╤ü╤ç╨╡╤é╨░,**Почему при выводе денег с брокерского счета списывается налог?**,66,9
╨Ü╨░╨║ ╨▓╤ï╨▓╨╡╤ü╤é╨╕ ╨┤╨╡╨╜╤î╨│╨╕ ╤ü ╨▒╤Ç╨╛╨║╨╡╤Ç╤ü╨║╨╛╨│╨╛ ╤ü╤ç╨╡╤é╨░,**Как вывести валюту с брокерского счета на дебетовую карту?**,62,9
╨Ü╨░╨║ ╨▓╤ï╨▓╨╡╤ü╤é╨╕ ╨┤╨╡╨╜╤î╨│╨╕ ╤ü ╨▒╤Ç╨╛╨║╨╡╤Ç╤ü╨║╨╛╨│╨╛ ╤ü╤ç╨╡╤é╨░,"**Как получать дивиденды на карту, а не на брокерский счет?**",61,10
╨Ü╨░╨║ ╤é╨╛╤Ç╨│╨╛╨▓╨░╤é╤î ╤ä╤î╤Ä╤ç╨╡╤Ç╤ü╨░╨╝╨╕,Что такое фьючерс и для чего он нужен?,38,8
╨Ü╨░╨║ ╤é╨╛╤Ç╨│╨╛╨▓╨░╤é╤î ╤ä╤î╤Ä╤ç╨╡╤Ç╤ü╨░╨╝╨╕,Что нужно сделать перед покупкой фьючерса?,42,6
╨Ü╨░╨║ ╤é╨╛╤Ç╨│╨╛╨▓╨░╤é╤î ╤ä╤î╤Ä╤ç╨╡╤Ç╤ü╨░╨╝╨╕,Как купить и продать фьючерс?,29,5
╨Ü╨░╨║ ╤é╨╛╤Ç╨│╨╛╨▓╨░╤é╤î ╤ä╤î╤Ä╤ç╨╡╤Ç╤ü╨░╨╝╨╕,Сколько стоит торговля фьючерсами?,34,4
╨Ü╨░╨║ ╤é╨╛╤Ç╨│╨╛╨▓╨░╤é╤î ╤ä╤î╤Ä╤ç╨╡╤Ç╤ü╨░╨╝╨╕,Что такое вариационная маржа?,29,4
╨Ü╨░╨║ ╨╖╨░╨┐╨╛╨╗╨╜╨╕╤é╤î ╨┤╨╡╨║╨╗╨░╤Ç╨░╤å╨╕╤Ä 3Γüá-Γüá╨¥╨ö╨ñ╨¢ ╨┐╨╛ ╨╕╨╜╨▓╨╡╤ü╤é╨╕╤å╨╕╤Å╨╝,**Какие доходы от инвестиций нужно декларировать самостоятельно?**,66,7
╨Ü╨░╨║ ╨╖╨░╨┐╨╛╨╗╨╜╨╕╤é╤î ╨┤╨╡╨║╨╗╨░╤Ç╨░╤å╨╕╤Ä 3Γüá-Γüá╨¥╨ö╨ñ╨¢ ╨┐╨╛ ╨╕╨╜╨▓╨╡╤ü╤é╨╕╤å╨╕╤Å╨╝,**Какие налоговые вычеты можно использовать при заполнении декларации 3-НДФЛ по инвестициям?**,94,11
╨Ü╨░╨║ ╨╖╨░╨┐╨╛╨╗╨╜╨╕╤é╤î ╨┤╨╡╨║╨╗╨░╤Ç╨░╤å╨╕╤Ä 3Γüá-Γüá╨¥╨ö╨ñ╨¢ ╨┐╨╛ ╨╕╨╜╨▓╨╡╤ü╤é╨╕╤å╨╕╤Å╨╝,**Как правильно указать доходы от продажи валюты и драгоценных металлов в декларации?**,87,12
╨Ü╨░╨║ ╨╖╨░╨┐╨╛╨╗╨╜╨╕╤é╤î ╨┤╨╡╨║╨╗╨░╤Ç╨░╤å╨╕╤Ä 3Γüá-Γüá╨¥╨ö╨ñ╨¢ ╨┐╨╛ ╨╕╨╜╨▓╨╡╤ü╤é╨╕╤å╨╕╤Å╨╝,**Как указать доходы от продажи автомобиля в декларации 3-НДФЛ?**,65,9
╨Ü╨░╨║ ╨╖╨░╨┐╨╛╨╗╨╜╨╕╤é╤î ╨┤╨╡╨║╨╗╨░╤Ç╨░╤å╨╕╤Ä 3Γüá-Γüá╨¥╨ö╨ñ╨¢ ╨┐╨╛ ╨╕╨╜╨▓╨╡╤ü╤é╨╕╤å╨╕╤Å╨╝,**Как правильно задекларировать дивиденды и купоны от иностранных ценных бумаг?**,81,10
╨ô╨╗╨░╨▓╨╜╨╛╨╡ ╨┐╤Ç╨╛ ╤ü╨░╨╝╨╛╤ü╤é╨╛╤Å╤é╨╡╨╗╤î╨╜╤â╤Ä ╤â╨┐╨╗╨░╤é╤â ╨╜╨░╨╗╨╛╨│╨╛╨▓ ╨╕ ╨┤╨╡╨║╨╗╨░╤Ç╨░╤å╨╕╤Ä 3Γüá-Γüá╨¥╨ö╨ñ╨¢,**Что такое декларация 3-НДФЛ и для чего она нужна?**,53,9
╨ô╨╗╨░╨▓╨╜╨╛╨╡ ╨┐╤Ç╨╛ ╤ü╨░╨╝╨╛╤ü╤é╨╛╤Å╤é╨╡╨╗╤î╨╜╤â╤Ä ╤â╨┐╨╗╨░╤é╤â ╨╜╨░╨╗╨╛╨│╨╛╨▓ ╨╕ ╨┤╨╡╨║╨╗╨░╤Ç╨░╤å╨╕╤Ä 3Γüá-Γüá╨¥╨ö╨ñ╨¢,**В каких случаях нужно подавать декларацию 3-НДФЛ самостоятельно?**,68,8
╨ô╨╗╨░╨▓╨╜╨╛╨╡ ╨┐╤Ç╨╛ ╤ü╨░╨╝╨╛╤ü╤é╨╛╤Å╤é╨╡╨╗╤î╨╜╤â╤Ä ╤â╨┐╨╗╨░╤é╤â ╨╜╨░╨╗╨╛╨│╨╛╨▓ ╨╕ ╨┤╨╡╨║╨╗╨░╤Ç╨░╤å╨╕╤Ä 3Γüá-Γüá╨¥╨ö╨ñ╨¢,**Как самостоятельно рассчитать и уплатить налог с инвестиций?**,64,8
╨ô╨╗╨░╨▓╨╜╨╛╨╡ ╨┐╤Ç╨╛ ╤ü╨░╨╝╨╛╤ü╤é╨╛╤Å╤é╨╡╨╗╤î╨╜╤â╤Ä ╤â╨┐╨╗╨░╤é╤â ╨╜╨░╨╗╨╛╨│╨╛╨▓ ╨╕ ╨┤╨╡╨║╨╗╨░╤Ç╨░╤å╨╕╤Ä 3Γüá-Γüá╨¥╨ö╨ñ╨¢,**Какие документы нужно приложить к декларации 3-НДФЛ при продаже ценных бумаг или валюты?**,92,13
╨ó╨╛╤Ç╨│╨╛╨▓╨░╤é╤î ╨╜╨░ ╨ÿ╨ÿ╨í,**Как пополнить ИИС?**,22,3
╨ó╨╛╤Ç╨│╨╛╨▓╨░╤é╤î ╨╜╨░ ╨ÿ╨ÿ╨í,**Зачем нужно автопополнение ИИС?**,35,4
╨ó╨╛╤Ç╨│╨╛╨▓╨░╤é╤î ╨╜╨░ ╨ÿ╨ÿ╨í,**Нужно ли пополнять ИИС каждый год?**,38,6
╨ó╨╛╤Ç╨│╨╛╨▓╨░╤é╤î ╨╜╨░ ╨ÿ╨ÿ╨í,**Какая максимальная сумма пополнения ИИС?**,44,5
╨ó╨╛╤Ç╨│╨╛╨▓╨░╤é╤î ╨╜╨░ ╨ÿ╨ÿ╨í,**Есть ли комиссия за пополнение ИИС?**,39,6
╨ú╤ç╨░╤ü╤é╨╜╨╕╨║╨╕ ╤Ç╤ï╨╜╨║╨░ ╤å╨╡╨╜╨╜╤ï╤à ╨▒╤â╨╝╨░╨│,**Что такое брокерский счет и зачем он нужен?**,47,8
╨ú╤ç╨░╤ü╤é╨╜╨╕╨║╨╕ ╤Ç╤ï╨╜╨║╨░ ╤å╨╡╨╜╨╜╤ï╤à ╨▒╤â╨╝╨░╨│,**Кто такой брокер и как он работает?**,39,7
╨ú╤ç╨░╤ü╤é╨╜╨╕╨║╨╕ ╤Ç╤ï╨╜╨║╨░ ╤å╨╡╨╜╨╜╤ï╤à ╨▒╤â╨╝╨░╨│,**Что такое депозитарий и зачем он нужен?**,43,7
╨ú╤ç╨░╤ü╤é╨╜╨╕╨║╨╕ ╤Ç╤ï╨╜╨║╨░ ╤å╨╡╨╜╨╜╤ï╤à ╨▒╤â╨╝╨░╨│,**Кто такой регистратор или реестродержатель и зачем он нужен?**,64,9
╨ú╤ç╨░╤ü╤é╨╜╨╕╨║╨╕ ╤Ç╤ï╨╜╨║╨░ ╤å╨╡╨╜╨╜╤ï╤à ╨▒╤â╨╝╨░╨│,**Что такое маржинальная торговля и как она работает?**,55,8
╨ƒ╨╛╨╗╤â╤ç╨░╤é╤î ╨┤╨╛╤à╨╛╨┤ ╨┐╨╛ ╨ÿ╨ÿ╨í,Что такое индивидуальный инвестиционный счет (ИИС)?,51,6
╨ƒ╨╛╨╗╤â╤ç╨░╤é╤î ╨┤╨╛╤à╨╛╨┤ ╨┐╨╛ ╨ÿ╨ÿ╨í,Какие существуют типы налоговых вычетов по ИИС?,47,7
╨ƒ╨╛╨╗╤â╤ç╨░╤é╤î ╨┤╨╛╤à╨╛╨┤ ╨┐╨╛ ╨ÿ╨ÿ╨í,Когда нужно выбирать вычет по ИИС?,34,6
╨ƒ╨╛╨╗╤â╤ç╨░╤é╤î ╨┤╨╛╤à╨╛╨┤ ╨┐╨╛ ╨ÿ╨ÿ╨í,Как рассчитать сумму налогового вычета по ИИС?,46,7
╨ƒ╨╛╨╗╤â╤ç╨░╤é╤î ╨┤╨╛╤à╨╛╨┤ ╨┐╨╛ ╨ÿ╨ÿ╨í,"Можно ли продолжать получать налоговый вычет по ИИС, если счет открыт уже 4 года?",81,14
╨Ü╨░╨║ ╨▓╤ï╨▓╨╡╤ü╤é╨╕ ╨┤╨╡╨╜╤î╨│╨╕ ╤ü ╨ÿ╨ÿ╨í,"**Что произойдет, если закрыть ИИС раньше минимального срока владения?**",72,9
╨Ü╨░╨║ ╨▓╤ï╨▓╨╡╤ü╤é╨╕ ╨┤╨╡╨╜╤î╨│╨╕ ╤ü ╨ÿ╨ÿ╨í,**Можно ли частично вывести деньги с ИИС?**,43,7
╨Ü╨░╨║ ╨▓╤ï╨▓╨╡╤ü╤é╨╕ ╨┤╨╡╨╜╤î╨│╨╕ ╤ü ╨ÿ╨ÿ╨í,**Можно ли закрыть ИИС досрочно?**,34,5
╨Ü╨░╨║ ╨▓╤ï╨▓╨╡╤ü╤é╨╕ ╨┤╨╡╨╜╤î╨│╨╕ ╤ü ╨ÿ╨ÿ╨í,**Как быстро деньги поступят на карту после закрытия ИИС?**,59,9
╨Ü╨░╨║ ╨▓╤ï╨▓╨╡╤ü╤é╨╕ ╨┤╨╡╨╜╤î╨│╨╕ ╤ü ╨ÿ╨ÿ╨í,**Что происходит с бумагами на счете при закрытии ИИС?**,56,9
"╨ƒ╨░╨╕ ╨╕ ╨░╨║╤å╨╕╨╕ ETF, ╨╜╨╡ ╨▓╨║╨╗╤Ä╤ç╨╡╨╜╨╜╤ï╨╡ ╨▓ ╨║╨╛╤é╨╕╤Ç╨╛╨▓╨░╨╗╤î╨╜╤ï╨╡ ╤ü╨┐╨╕╤ü╨║╨╕","**Что такое паи ETF, не включённые в котировальные списки, и почему они считаются более рискованными для частных инвесторов?**",126,18
"╨ƒ╨░╨╕ ╨╕ ╨░╨║╤å╨╕╨╕ ETF, ╨╜╨╡ ╨▓╨║╨╗╤Ä╤ç╨╡╨╜╨╜╤ï╨╡ ╨▓ ╨║╨╛╤é╨╕╤Ç╨╛╨▓╨░╨╗╤î╨╜╤ï╨╡ ╤ü╨┐╨╕╤ü╨║╨╕",**Почему цена паёв ETF может отклоняться от справедливой стоимости?**,69,9
"╨ƒ╨░╨╕ ╨╕ ╨░╨║╤å╨╕╨╕ ETF, ╨╜╨╡ ╨▓╨║╨╗╤Ä╤ç╨╡╨╜╨╜╤ï╨╡ ╨▓ ╨║╨╛╤é╨╕╤Ç╨╛╨▓╨░╨╗╤î╨╜╤ï╨╡ ╤ü╨┐╨╕╤ü╨║╨╕","**Какие риски связаны с инвестированием в паи ETF, не включённые в котировальные списки?**",90,13
"╨ƒ╨░╨╕ ╨╕ ╨░╨║╤å╨╕╨╕ ETF, ╨╜╨╡ ╨▓╨║╨╗╤Ä╤ç╨╡╨╜╨╜╤ï╨╡ ╨▓ ╨║╨╛╤é╨╕╤Ç╨╛╨▓╨░╨╗╤î╨╜╤ï╨╡ ╤ü╨┐╨╕╤ü╨║╨╕",**Как формируется цена паёв ETF и почему она должна соответствовать справедливой стоимости?**,93,12
"╨ƒ╨░╨╕ ╨╕ ╨░╨║╤å╨╕╨╕ ETF, ╨╜╨╡ ╨▓╨║╨╗╤Ä╤ç╨╡╨╜╨╜╤ï╨╡ ╨▓ ╨║╨╛╤é╨╕╤Ç╨╛╨▓╨░╨╗╤î╨╜╤ï╨╡ ╤ü╨┐╨╕╤ü╨║╨╕",**В каких случаях рыночная цена паёв ETF может резко отличаться от справедливой стоимости?**,92,13
╨ö╨╕╨▓╨╕╨┤╨╡╨╜╨┤╨╜╤ï╨╕╠å ╨┤╨╛╤à╨╛╨┤ ╨┐╨╛ ╨░╨║╤å╨╕╤Å╨╝,**Что такое дивиденды и как они выплачиваются компанией акционерам?**,69,9
╨ö╨╕╨▓╨╕╨┤╨╡╨╜╨┤╨╜╤ï╨╕╠å ╨┤╨╛╤à╨╛╨┤ ╨┐╨╛ ╨░╨║╤å╨╕╤Å╨╝,**Как найти дивидендные акции в приложении Т-Инвестиций?**,58,7
╨ö╨╕╨▓╨╕╨┤╨╡╨╜╨┤╨╜╤ï╨╕╠å ╨┤╨╛╤à╨╛╨┤ ╨┐╨╛ ╨░╨║╤å╨╕╤Å╨╝,**Как получать дивиденды по акциям российских и иностранных компаний?**,71,9
╨ö╨╕╨▓╨╕╨┤╨╡╨╜╨┤╨╜╤ï╨╕╠å ╨┤╨╛╤à╨╛╨┤ ╨┐╨╛ ╨░╨║╤å╨╕╤Å╨╝,**Что такое дивидендный гэп и как он влияет на цену акций?**,60,11
╨ö╨╕╨▓╨╕╨┤╨╡╨╜╨┤╨╜╤ï╨╕╠å ╨┤╨╛╤à╨╛╨┤ ╨┐╨╛ ╨░╨║╤å╨╕╤Å╨╝,**Почему налог удерживают дважды: при поступлении дивидендов и при выводе денег с брокерского счета?**,102,14
╨¡╨╝╨╕╤ü╤ü╨╕╨╛╨╜╨╜╤ï╨╡ ╤å╨╡╨╜╨╜╤ï╨╡ ╨▒╤â╨╝╨░╨│╨╕: ╨▓╨╕╨┤╤ï ╨╕ ╨┐╤Ç╨╕╨╖╨╜╨░╨║╨╕,**Что такое эмиссия ценных бумаг и зачем она нужна компании?**,62,10
╨¡╨╝╨╕╤ü╤ü╨╕╨╛╨╜╨╜╤ï╨╡ ╤å╨╡╨╜╨╜╤ï╨╡ ╨▒╤â╨╝╨░╨│╨╕: ╨▓╨╕╨┤╤ï ╨╕ ╨┐╤Ç╨╕╨╖╨╜╨░╨║╨╕,**Какие виды эмиссии ценных бумаг существуют?**,47,6
╨¡╨╝╨╕╤ü╤ü╨╕╨╛╨╜╨╜╤ï╨╡ ╤å╨╡╨╜╨╜╤ï╨╡ ╨▒╤â╨╝╨░╨│╨╕: ╨▓╨╕╨┤╤ï ╨╕ ╨┐╤Ç╨╕╨╖╨╜╨░╨║╨╕,**Что такое проспект эмиссии ценных бумаг (акций)?**,52,7
╨¡╨╝╨╕╤ü╤ü╨╕╨╛╨╜╨╜╤ï╨╡ ╤å╨╡╨╜╨╜╤ï╨╡ ╨▒╤â╨╝╨░╨│╨╕: ╨▓╨╕╨┤╤ï ╨╕ ╨┐╤Ç╨╕╨╖╨╜╨░╨║╨╕,**Что такое ISIN и тикер?**,27,5
╨¡╨╝╨╕╤ü╤ü╨╕╨╛╨╜╨╜╤ï╨╡ ╤å╨╡╨╜╨╜╤ï╨╡ ╨▒╤â╨╝╨░╨│╨╕: ╨▓╨╕╨┤╤ï ╨╕ ╨┐╤Ç╨╕╨╖╨╜╨░╨║╨╕,**Каковы основные признаки эмиссионных ценных бумаг?**,54,6
╨Ü╨░╨║ ╤Ç╨░╨▒╨╛╤é╨░╨╡╤é ╤Ç╤ï╨╜╨╛╨║ ╤å╨╡╨╜╨╜╤ï╤à ╨▒╤â╨╝╨░╨│,Что такое рынок ценных бумаг?,29,5
╨Ü╨░╨║ ╤Ç╨░╨▒╨╛╤é╨░╨╡╤é ╤Ç╤ï╨╜╨╛╨║ ╤å╨╡╨╜╨╜╤ï╤à ╨▒╤â╨╝╨░╨│,Какие основные участники рынка ценных бумаг?,44,6
╨Ü╨░╨║ ╤Ç╨░╨▒╨╛╤é╨░╨╡╤é ╤Ç╤ï╨╜╨╛╨║ ╤å╨╡╨╜╨╜╤ï╤à ╨▒╤â╨╝╨░╨│,Что такое брокерский счет и как его открыть?,44,8
╨Ü╨░╨║ ╤Ç╨░╨▒╨╛╤é╨░╨╡╤é ╤Ç╤ï╨╜╨╛╨║ ╤å╨╡╨╜╨╜╤ï╤à ╨▒╤â╨╝╨░╨│,Что такое акции и как на них заработать?,40,8
╨Ü╨░╨║ ╤Ç╨░╨▒╨╛╤é╨░╨╡╤é ╤Ç╤ï╨╜╨╛╨║ ╤å╨╡╨╜╨╜╤ï╤à ╨▒╤â╨╝╨░╨│,Что такое облигации и как на них заработать?,44,8
╨ÿ╨╜╨▓╨╡╤ü╤é╨╕╤å╨╕╨╛╨╜╨╜╤ï╨╡ ╤ü╤ç╨╡╤é╨░,**Что такое брокерский счет и как его открыть в Т‑Банке?**,58,10
╨ÿ╨╜╨▓╨╡╤ü╤é╨╕╤å╨╕╨╛╨╜╨╜╤ï╨╡ ╤ü╤ç╨╡╤é╨░,**Какие преимущества имеет Инвесткопилка в Т‑Банке?**,53,6
╨ÿ╨╜╨▓╨╡╤ü╤é╨╕╤å╨╕╨╛╨╜╨╜╤ï╨╡ ╤ü╤ç╨╡╤é╨░,**Какие налоги нужно платить по ИИС (индивидуальному инвестиционному счету)?**,78,9
╨ÿ╨╜╨▓╨╡╤ü╤é╨╕╤å╨╕╨╛╨╜╨╜╤ï╨╡ ╤ü╤ç╨╡╤é╨░,**Какие услуги предоставляет Т‑Банк для бизнеса?**,50,6
╨ÿ╨╜╨▓╨╡╤ü╤é╨╕╤å╨╕╨╛╨╜╨╜╤ï╨╡ ╤ü╤ç╨╡╤é╨░,**Какие страховые услуги предлагает Т‑Банк?**,45,5
╨ÿ╨╜╨╛╤ü╤é╤Ç╨░╨╜╨╜╤ï╨╡ ETF,**Что такое иностранные ETF-фонды и как они работают на российском рынке?**,75,11
╨ÿ╨╜╨╛╤ü╤é╤Ç╨░╨╜╨╜╤ï╨╡ ETF,**Какие риски связаны с инвестированием в иностранные ETF-фонды?**,66,8
╨ÿ╨╜╨╛╤ü╤é╤Ç╨░╨╜╨╜╤ï╨╡ ETF,**Какие налоги нужно платить при инвестировании в иностранные ETF-фонды?**,74,9
╨ÿ╨╜╨╛╤ü╤é╤Ç╨░╨╜╨╜╤ï╨╡ ETF,**Какие преимущества у иностранных ETF-фондов перед российскими аналогами?**,76,8
╨ÿ╨╜╨╛╤ü╤é╤Ç╨░╨╜╨╜╤ï╨╡ ETF,**Как выбрать подходящий иностранный ETF-фонд для инвестирования?**,67,7
╨¢╨╕╤ç╨╜╤ï╨╕╠å ╨║╨░╨▒╨╕╨╜╨╡╤é ╨╜╨░╨╗╨╛╨│╨╛╨┐╨╗╨░╤é╨╡╨╗╤î╤ë╨╕╨║╨░ ╨╕ ╨║╨░╨║ ╨╕╨╝ ╨┐╨╛╨╗╤î╨╖╨╛╨▓╨░╤é╤î╤ü╤Å,**Как открыть личный кабинет налогоплательщика?**,49,5
╨¢╨╕╤ç╨╜╤ï╨╕╠å ╨║╨░╨▒╨╕╨╜╨╡╤é ╨╜╨░╨╗╨╛╨│╨╛╨┐╨╗╨░╤é╨╡╨╗╤î╤ë╨╕╨║╨░ ╨╕ ╨║╨░╨║ ╨╕╨╝ ╨┐╨╛╨╗╤î╨╖╨╛╨▓╨░╤é╤î╤ü╤Å,**Как войти в личный кабинет налогоплательщика?**,49,6
╨¢╨╕╤ç╨╜╤ï╨╕╠å ╨║╨░╨▒╨╕╨╜╨╡╤é ╨╜╨░╨╗╨╛╨│╨╛╨┐╨╗╨░╤é╨╡╨╗╤î╤ë╨╕╨║╨░ ╨╕ ╨║╨░╨║ ╨╕╨╝ ╨┐╨╛╨╗╤î╨╖╨╛╨▓╨░╤é╤î╤ü╤Å,**Что можно делать в личном кабинете налогоплательщика?**,57,7
╨¢╨╕╤ç╨╜╤ï╨╕╠å ╨║╨░╨▒╨╕╨╜╨╡╤é ╨╜╨░╨╗╨╛╨│╨╛╨┐╨╗╨░╤é╨╡╨╗╤î╤ë╨╕╨║╨░ ╨╕ ╨║╨░╨║ ╨╕╨╝ ╨┐╨╛╨╗╤î╨╖╨╛╨▓╨░╤é╤î╤ü╤Å,**Что такое электронная цифровая подпись (ЭЦП) в личном кабинете налогоплательщика и как её получить или продлить?**,116,16
╨óΓÇæ╨ƒ╨╛╨╝╨╛╤ë╤î. ╨ÿ╨╜╨▓╨╡╤ü╤é╨╕╤å╨╕╨╕,**Как открыть брокерский счет и начать инвестировать в ценные бумаги?**,71,10
╨óΓÇæ╨ƒ╨╛╨╝╨╛╤ë╤î. ╨ÿ╨╜╨▓╨╡╤ü╤é╨╕╤å╨╕╨╕,**Какие инструменты доступны для инвестирования через брокерский счет?**,72,8
╨óΓÇæ╨ƒ╨╛╨╝╨╛╤ë╤î. ╨ÿ╨╜╨▓╨╡╤ü╤é╨╕╤å╨╕╨╕,**Как удерживается налог с доходов от инвестиций?**,51,7
╨óΓÇæ╨ƒ╨╛╨╝╨╛╤ë╤î. ╨ÿ╨╜╨▓╨╡╤ü╤é╨╕╤å╨╕╨╕,**Что такое маржинальная торговля и как она работает?**,55,8
╨óΓÇæ╨ƒ╨╛╨╝╨╛╤ë╤î. ╨ÿ╨╜╨▓╨╡╤ü╤é╨╕╤å╨╕╨╕,**Как стать квалифицированным инвестором и какие преимущества это дает?**,73,9
╨º╤é╨╛ ╤é╨░╨║╨╛╨╡ ╨ÿ╨ÿ╨í,**Что такое ИИС и для чего он нужен?**,38,8
╨º╤é╨╛ ╤é╨░╨║╨╛╨╡ ╨ÿ╨ÿ╨í,**Какие типы вычетов по ИИС существуют и чем они отличаются?**,62,10
╨º╤é╨╛ ╤é╨░╨║╨╛╨╡ ╨ÿ╨ÿ╨í,**Какая минимальная сумма пополнения ИИС и минимальный срок владения счетом?**,78,10
╨º╤é╨╛ ╤é╨░╨║╨╛╨╡ ╨ÿ╨ÿ╨í,**Какие преимущества у ИИС перед брокерским счетом?**,53,7
╨º╤é╨╛ ╤é╨░╨║╨╛╨╡ ╨ÿ╨ÿ╨í,**Можно ли одновременно получать оба типа вычетов по ИИС?**,59,9
╨£╨░╤Ç╨╢╨╕╨╜╨░╨╗╤î╨╜╤ï╨╕╠å ╨▓╤ï╨▓╨╛╨┤,**Что такое маржинальный вывод на брокерском счете?**,53,7
╨£╨░╤Ç╨╢╨╕╨╜╨░╨╗╤î╨╜╤ï╨╕╠å ╨▓╤ï╨▓╨╛╨┤,**Сколько стоит маржинальный вывод?**,37,4
╨£╨░╤Ç╨╢╨╕╨╜╨░╨╗╤î╨╜╤ï╨╕╠å ╨▓╤ï╨▓╨╛╨┤,**Какие риски связаны с маржинальным выводом?**,47,6
╨£╨░╤Ç╨╢╨╕╨╜╨░╨╗╤î╨╜╤ï╨╕╠å ╨▓╤ï╨▓╨╛╨┤,**Как рассчитывается стоимость ликвидного портфеля?**,53,5
╨£╨░╤Ç╨╢╨╕╨╜╨░╨╗╤î╨╜╤ï╨╕╠å ╨▓╤ï╨▓╨╛╨┤,**Как воспользоваться маржинальным выводом?**,45,4
╨Ü╨░╨║ ╤é╨╛╤Ç╨│╨╛╨▓╨░╤é╤î ╨▓ ╤ê╨╛╤Ç╤é,Что такое торговля в шорт и как она работает?,45,9
╨Ü╨░╨║ ╤é╨╛╤Ç╨│╨╛╨▓╨░╤é╤î ╨▓ ╤ê╨╛╤Ç╤é,Как технически происходит процесс продажи актива в шорт?,56,8
╨Ü╨░╨║ ╤é╨╛╤Ç╨│╨╛╨▓╨░╤é╤î ╨▓ ╤ê╨╛╤Ç╤é,Что такое маржин-колл и как он работает?,40,7
╨Ü╨░╨║ ╤é╨╛╤Ç╨│╨╛╨▓╨░╤é╤î ╨▓ ╤ê╨╛╤Ç╤é,Как закрыть шорт-позицию?,25,3
╨Ü╨░╨║ ╤é╨╛╤Ç╨│╨╛╨▓╨░╤é╤î ╨▓ ╤ê╨╛╤Ç╤é,"Что произойдет, если продать акцию в шорт перед выплатой дивидендов?",68,10
╨₧╤é╤ç╨╡╤é╤ï ╨╕ ╤ü╨┐╤Ç╨░╨▓╨║╨╕,**Как заказать документы по брокерскому счету и ИИС в Т‑Банке?**,64,10
╨₧╤é╤ç╨╡╤é╤ï ╨╕ ╤ü╨┐╤Ç╨░╨▓╨║╨╕,**Как заказать документы для налогового вычета по ИИС в Т‑Банке?**,66,10
╨₧╤é╤ç╨╡╤é╤ï ╨╕ ╤ü╨┐╤Ç╨░╨▓╨║╨╕,**Что такое брокерский отчет и зачем он нужен?**,48,8
╨₧╤é╤ç╨╡╤é╤ï ╨╕ ╤ü╨┐╤Ç╨░╨▓╨║╨╕,**Что такое налоговый отчет и зачем он нужен?**,47,8
╨₧╤é╤ç╨╡╤é╤ï ╨╕ ╤ü╨┐╤Ç╨░╨▓╨║╨╕,**Как скачать документы от Т‑Инвестиций и 2-НДФЛ из личного кабинета налогоплательщика?**,89,11
╨Ü╨░╨║ ╨╛╤é╨║╤Ç╤ï╤é╤î ╨ÿ╨ÿ╨í,**Как открыть ИИС в Т‑Инвестициях онлайн?**,43,6
╨Ü╨░╨║ ╨╛╤é╨║╤Ç╤ï╤é╤î ╨ÿ╨ÿ╨í,**Какие документы нужны для открытия ИИС?**,43,6
╨Ü╨░╨║ ╨╛╤é╨║╤Ç╤ï╤é╤î ╨ÿ╨ÿ╨í,**С какого возраста можно открыть ИИС?**,40,6
╨Ü╨░╨║ ╨╛╤é╨║╤Ç╤ï╤é╤î ╨ÿ╨ÿ╨í,"**Можно ли открыть ИИС, если я ИП или самозанятый?**",52,9
╨Ü╨░╨║ ╨╛╤é╨║╤Ç╤ï╤é╤î ╨ÿ╨ÿ╨í,**Сколько ИИС можно открыть одновременно?**,43,5
╨Ü╤â╨┐╨╛╨╜╨╜╤ï╨╕╠å ╨┤╨╛╤à╨╛╨┤ ╨┐╨╛ ╨╛╨▒╨╗╨╕╨│╨░╤å╨╕╤Å╨╝,**Что такое купонный доход по облигациям и как он выплачивается?**,66,10
╨Ü╤â╨┐╨╛╨╜╨╜╤ï╨╕╠å ╨┤╨╛╤à╨╛╨┤ ╨┐╨╛ ╨╛╨▒╨╗╨╕╨│╨░╤å╨╕╤Å╨╝,**Какие валюты могут использоваться для выплаты купонов по облигациям?**,72,9
╨Ü╤â╨┐╨╛╨╜╨╜╤ï╨╕╠å ╨┤╨╛╤à╨╛╨┤ ╨┐╨╛ ╨╛╨▒╨╗╨╕╨│╨░╤å╨╕╤Å╨╝,"**Нужно ли обязательно продавать облигации, чтобы получить купонный доход?**",76,9
╨Ü╤â╨┐╨╛╨╜╨╜╤ï╨╕╠å ╨┤╨╛╤à╨╛╨┤ ╨┐╨╛ ╨╛╨▒╨╗╨╕╨│╨░╤å╨╕╤Å╨╝,**Как узнать дату и размер выплат купонов по облигациям?**,58,9
╨Ü╤â╨┐╨╛╨╜╨╜╤ï╨╕╠å ╨┤╨╛╤à╨╛╨┤ ╨┐╨╛ ╨╛╨▒╨╗╨╕╨│╨░╤å╨╕╤Å╨╝,**Что такое накопленный купонный доход (НКД) и как он влияет на цену облигации?**,81,13
╨ó╤Ç╨╡╨▒╨╛╨▓╨░╨╜╨╕╤Å ╨║ ╨╕╨╜╨╛╤ü╤é╤Ç╨░╨╜╨╜╤ï╨╝ ╤ü╤ç╨╡╤é╨░╨╝,**Какие категории иностранных счетов и финансовых инструментов подлежат обязательному уведомлению и отчетности в ФНС?**,119,14
╨ó╤Ç╨╡╨▒╨╛╨▓╨░╨╜╨╕╤Å ╨║ ╨╕╨╜╨╛╤ü╤é╤Ç╨░╨╜╨╜╤ï╨╝ ╤ü╤ç╨╡╤é╨░╨╝,**Какие сроки подачи уведомления и отчетности об иностранных счетах установлены законодательством?**,100,11
╨ó╤Ç╨╡╨▒╨╛╨▓╨░╨╜╨╕╤Å ╨║ ╨╕╨╜╨╛╤ü╤é╤Ç╨░╨╜╨╜╤ï╨╝ ╤ü╤ç╨╡╤é╨░╨╝,**Какие санкции предусмотрены за несвоевременное или неполное уведомление и отчетность об иностранных счетах?**,111,13
╨ó╤Ç╨╡╨▒╨╛╨▓╨░╨╜╨╕╤Å ╨║ ╨╕╨╜╨╛╤ü╤é╤Ç╨░╨╜╨╜╤ï╨╝ ╤ü╤ç╨╡╤é╨░╨╝,"**Какие доходы, полученные на иностранные счета, подлежат декларированию и налогообложению в России?**",102,12
╨Ü╨░╨║ ╤é╨╛╤Ç╨│╨╛╨▓╨░╤é╤î ╨▓ ╨╗╨╛╨╜╨│,**Что такое торговля в лонг и как она работает?**,49,9
╨Ü╨░╨║ ╤é╨╛╤Ç╨│╨╛╨▓╨░╤é╤î ╨▓ ╨╗╨╛╨╜╨│,**Как технически выглядит процесс покупки актива в лонг?**,58,8
╨Ü╨░╨║ ╤é╨╛╤Ç╨│╨╛╨▓╨░╤é╤î ╨▓ ╨╗╨╛╨╜╨│,**Какие риски связаны с маржинальной торговлей в лонг?**,56,8
╨Ü╨░╨║ ╤é╨╛╤Ç╨│╨╛╨▓╨░╤é╤î ╨▓ ╨╗╨╛╨╜╨│,**Как рассчитывается доступная сумма сделки в лонг?**,53,7
╨Ü╨░╨║ ╤é╨╛╤Ç╨│╨╛╨▓╨░╤é╤î ╨▓ ╨╗╨╛╨╜╨│,**Как брокер контролирует риски маржинальной торговли в лонг?**,63,8
╨Ü╨░╨║ ╨┐╨╛╨╗╤â╤ç╨╕╤é╤î ╤ü╤é╨░╤é╤â╤ü ╨║╨▓╨░╨╗╨╕╤ä╨╕╤å╨╕╤Ç╨╛╨▓╨░╨╜╨╜╨╛╨│╨╛ ╨╕╨╜╨▓╨╡╤ü╤é╨╛╤Ç╨░,**Как можно получить статус квалифицированного инвестора в Т‑Инвестициях?**,75,8
╨Ü╨░╨║ ╨┐╨╛╨╗╤â╤ç╨╕╤é╤î ╤ü╤é╨░╤é╤â╤ü ╨║╨▓╨░╨╗╨╕╤ä╨╕╤å╨╕╤Ç╨╛╨▓╨░╨╜╨╜╨╛╨│╨╛ ╨╕╨╜╨▓╨╡╤ü╤é╨╛╤Ç╨░,"**Подойдет ли статус квалифицированного инвестора, полученный у другого брокера?**",82,9
╨Ü╨░╨║ ╨┐╨╛╨╗╤â╤ç╨╕╤é╤î ╤ü╤é╨░╤é╤â╤ü ╨║╨▓╨░╨╗╨╕╤ä╨╕╤å╨╕╤Ç╨╛╨▓╨░╨╜╨╜╨╛╨│╨╛ ╨╕╨╜╨▓╨╡╤ü╤é╨╛╤Ç╨░,**Почему по статусу квалифицированного инвестора может прийти отказ?**,70,8
╨Ü╨░╨║ ╨┐╨╛╨╗╤â╤ç╨╕╤é╤î ╤ü╤é╨░╤é╤â╤ü ╨║╨▓╨░╨╗╨╕╤ä╨╕╤å╨╕╤Ç╨╛╨▓╨░╨╜╨╜╨╛╨│╨╛ ╨╕╨╜╨▓╨╡╤ü╤é╨╛╤Ç╨░,"**Какие документы нужно предоставить, если статус квалифицированного инвестора присваивается на основе решения другого брокера?**",129,14
╨Ü╨░╨║ ╨┐╨╛╨╗╤â╤ç╨╕╤é╤î ╤ü╤é╨░╤é╤â╤ü ╨║╨▓╨░╨╗╨╕╤ä╨╕╤å╨╕╤Ç╨╛╨▓╨░╨╜╨╜╨╛╨│╨╛ ╨╕╨╜╨▓╨╡╤ü╤é╨╛╤Ç╨░,"**Что делать, если пополнение брокерского счета было произведено в последние два рабочих дня?**",95,13
╨Æ╨╛ ╤ç╤é╨╛ ╨╝╨╛╨╢╨╜╨╛ ╨╕╨╜╨▓╨╡╤ü╤é╨╕╤Ç╨╛╨▓╨░╤é╤î,**Какие основные способы инвестирования доступны частным лицам в России?**,74,9
╨Æ╨╛ ╤ç╤é╨╛ ╨╝╨╛╨╢╨╜╨╛ ╨╕╨╜╨▓╨╡╤ü╤é╨╕╤Ç╨╛╨▓╨░╤é╤î,**Какие преимущества и особенности имеет брокерский счет для частных инвесторов?**,82,10
╨Æ╨╛ ╤ç╤é╨╛ ╨╝╨╛╨╢╨╜╨╛ ╨╕╨╜╨▓╨╡╤ü╤é╨╕╤Ç╨╛╨▓╨░╤é╤î,**Какие виды инвестиций доступны иностранцам в России?**,56,7
╨Æ╨╛ ╤ç╤é╨╛ ╨╝╨╛╨╢╨╜╨╛ ╨╕╨╜╨▓╨╡╤ü╤é╨╕╤Ç╨╛╨▓╨░╤é╤î,**Что такое ИИС (индивидуальный инвестиционный счет) и какие его преимущества?**,80,10
╨Æ╨╛ ╤ç╤é╨╛ ╨╝╨╛╨╢╨╜╨╛ ╨╕╨╜╨▓╨╡╤ü╤é╨╕╤Ç╨╛╨▓╨░╤é╤î,**Какие инструменты доступны для инвестирования через брокерский счет?**,72,8
╨ù╨░╨║╤Ç╤ï╤é╤ï╨╡ ╨┐╨░╨╡╨▓╤ï╨╡ ╨╕╨╜╨▓╨╡╤ü╤é╨╕╤å╨╕╨╛╨╜╨╜╤ï╨╡ ╤ä╨╛╨╜╨┤╤ï (╨ù╨ƒ╨ÿ╨ñ),Что такое закрытые паевые инвестиционные фонды (ЗПИФ)?,54,7
╨ù╨░╨║╤Ç╤ï╤é╤ï╨╡ ╨┐╨░╨╡╨▓╤ï╨╡ ╨╕╨╜╨▓╨╡╤ü╤é╨╕╤å╨╕╨╛╨╜╨╜╤ï╨╡ ╤ä╨╛╨╜╨┤╤ï (╨ù╨ƒ╨ÿ╨ñ),Какие активы могут инвестировать управляющие компании ЗПИФ?,59,7
╨ù╨░╨║╤Ç╤ï╤é╤ï╨╡ ╨┐╨░╨╡╨▓╤ï╨╡ ╨╕╨╜╨▓╨╡╤ü╤é╨╕╤å╨╕╨╛╨╜╨╜╤ï╨╡ ╤ä╨╛╨╜╨┤╤ï (╨ù╨ƒ╨ÿ╨ñ),Как пайщики могут получать доход от ЗПИФ?,41,7
╨ù╨░╨║╤Ç╤ï╤é╤ï╨╡ ╨┐╨░╨╡╨▓╤ï╨╡ ╨╕╨╜╨▓╨╡╤ü╤é╨╕╤å╨╕╨╛╨╜╨╜╤ï╨╡ ╤ä╨╛╨╜╨┤╤ï (╨ù╨ƒ╨ÿ╨ñ),Как торговать паями ЗПИФ?,25,4
╨ù╨░╨║╤Ç╤ï╤é╤ï╨╡ ╨┐╨░╨╡╨▓╤ï╨╡ ╨╕╨╜╨▓╨╡╤ü╤é╨╕╤å╨╕╨╛╨╜╨╜╤ï╨╡ ╤ä╨╛╨╜╨┤╤ï (╨ù╨ƒ╨ÿ╨ñ),Какие преимущества и риски ЗПИФ?,32,5
╨ù╨ƒ╨ÿ╨ñ ╨╜╨╡╨┤╨▓╨╕╨╢╨╕╨╝╨╛╤ü╤é╨╕ ┬½╨Ü╨▓╨░╨┤╤Ç╨░╤é╨╜╤ï╨╡ ╨╝╨╡╤é╤Ç╤ï┬╗ ╨╛╤é ╨óΓÇæ╨Ü╨░╨┐╨╕╤é╨░╨╗╨░,**Что представляет собой фонд недвижимости «Квадратные метры» и какова его основная цель?**,91,12
╨ù╨ƒ╨ÿ╨ñ ╨╜╨╡╨┤╨▓╨╕╨╢╨╕╨╝╨╛╤ü╤é╨╕ ┬½╨Ü╨▓╨░╨┤╤Ç╨░╤é╨╜╤ï╨╡ ╨╝╨╡╤é╤Ç╤ï┬╗ ╨╛╤é ╨óΓÇæ╨Ü╨░╨┐╨╕╤é╨░╨╗╨░,**Какова минимальная сумма для покупки пая фонда «Квадратные метры» и какие преимущества это дает инвесторам?**,111,15
╨ù╨ƒ╨ÿ╨ñ ╨╜╨╡╨┤╨▓╨╕╨╢╨╕╨╝╨╛╤ü╤é╨╕ ┬½╨Ü╨▓╨░╨┤╤Ç╨░╤é╨╜╤ï╨╡ ╨╝╨╡╤é╤Ç╤ï┬╗ ╨╛╤é ╨óΓÇæ╨Ü╨░╨┐╨╕╤é╨░╨╗╨░,**Какие риски и комиссии существуют при инвестировании в фонд «Квадратные метры»?**,83,11
╨ù╨ƒ╨ÿ╨ñ ╨╜╨╡╨┤╨▓╨╕╨╢╨╕╨╝╨╛╤ü╤é╨╕ ┬½╨Ü╨▓╨░╨┤╤Ç╨░╤é╨╜╤ï╨╡ ╨╝╨╡╤é╤Ç╤ï┬╗ ╨╛╤é ╨óΓÇæ╨Ü╨░╨┐╨╕╤é╨░╨╗╨░,**Как рассчитывается цена пая фонда «Квадратные метры» и как она меняется в процессе строительства и после завершения проекта?**,128,18
╨ù╨ƒ╨ÿ╨ñ ╨╜╨╡╨┤╨▓╨╕╨╢╨╕╨╝╨╛╤ü╤é╨╕ ┬½╨Ü╨▓╨░╨┤╤Ç╨░╤é╨╜╤ï╨╡ ╨╝╨╡╤é╤Ç╤ï┬╗ ╨╛╤é ╨óΓÇæ╨Ü╨░╨┐╨╕╤é╨░╨╗╨░,**Можно ли обменять паи фонда «Квадратные метры» на недвижимость из фонда?**,76,11
╨¥╨░╨╗╨╛╨│ ╨╜╨░ ╨┤╨╛╤à╨╛╨┤ ╨╛╤é ╤é╨╛╤Ç╨│╨╛╨▓╨╗╨╕ ╤å╨╡╨╜╨╜╤ï╨╝╨╕ ╨▒╤â╨╝╨░╨│╨░╨╝╨╕,**Какие доходы от торговли ценными бумагами облагаются налогом в России?**,74,10
╨¥╨░╨╗╨╛╨│ ╨╜╨░ ╨┤╨╛╤à╨╛╨┤ ╨╛╤é ╤é╨╛╤Ç╨│╨╛╨▓╨╗╨╕ ╤å╨╡╨╜╨╜╤ï╨╝╨╕ ╨▒╤â╨╝╨░╨│╨░╨╝╨╕,**Как брокер удерживает налог с доходов от торговли ценными бумагами?**,71,10
╨¥╨░╨╗╨╛╨│ ╨╜╨░ ╨┤╨╛╤à╨╛╨┤ ╨╛╤é ╤é╨╛╤Ç╨│╨╛╨▓╨╗╨╕ ╤å╨╡╨╜╨╜╤ï╨╝╨╕ ╨▒╤â╨╝╨░╨│╨░╨╝╨╕,"**Нужно ли самостоятельно декларировать доходы от торговли ценными бумагами, если брокер удерживает налог автоматически?**",122,14
╨¥╨░╨╗╨╛╨│ ╨╜╨░ ╨┤╨╛╤à╨╛╨┤ ╨╛╤é ╤é╨╛╤Ç╨│╨╛╨▓╨╗╨╕ ╤å╨╡╨╜╨╜╤ï╨╝╨╕ ╨▒╤â╨╝╨░╨│╨░╨╝╨╕,**Как рассчитывается налоговая ставка на доходы от торговли ценными бумагами?**,79,10
╨¥╨░╨╗╨╛╨│ ╨╜╨░ ╨┤╨╛╤à╨╛╨┤ ╨╛╤é ╤é╨╛╤Ç╨│╨╛╨▓╨╗╨╕ ╤å╨╡╨╜╨╜╤ï╨╝╨╕ ╨▒╤â╨╝╨░╨│╨░╨╝╨╕,**Какие документы или подтверждения доходов от торговли ценными бумагами необходимо предоставить при подаче налоговой декларации?**,131,15
╨ö╨╛╨║╤â╨╝╨╡╨╜╤é╤ï ╨┤╨╗╤Å ╤â╤ç╨╡╤é╨░ ╨▒╤â╨╝╨░╨│ ╨┐╤Ç╨╕ ╨┤╨╡╨┐╨╛╨╖╨╕╤é╨░╤Ç╨╜╨╛╨╝ ╨┐╨╡╤Ç╨╡╨▓╨╛╨┤╨╡ ╨▓ ╨óΓÇæ╨æ╨░╨╜╨║,**Какие документы нужно предоставить для учета расходов при депозитарном переводе ценных бумаг в Т‑Банк?**,106,14
╨ö╨╛╨║╤â╨╝╨╡╨╜╤é╤ï ╨┤╨╗╤Å ╤â╤ç╨╡╤é╨░ ╨▒╤â╨╝╨░╨│ ╨┐╤Ç╨╕ ╨┤╨╡╨┐╨╛╨╖╨╕╤é╨░╤Ç╨╜╨╛╨╝ ╨┐╨╡╤Ç╨╡╨▓╨╛╨┤╨╡ ╨▓ ╨óΓÇæ╨æ╨░╨╜╨║,**Какие сроки нужно соблюдать при передаче документов для учета расходов?**,75,10
╨ö╨╛╨║╤â╨╝╨╡╨╜╤é╤ï ╨┤╨╗╤Å ╤â╤ç╨╡╤é╨░ ╨▒╤â╨╝╨░╨│ ╨┐╤Ç╨╕ ╨┤╨╡╨┐╨╛╨╖╨╕╤é╨░╤Ç╨╜╨╛╨╝ ╨┐╨╡╤Ç╨╡╨▓╨╛╨┤╨╡ ╨▓ ╨óΓÇæ╨æ╨░╨╜╨║,"**Что делать, если ценные бумаги были куплены у другого брокера и переведены в Т‑Банк от него?**",96,16
╨ö╨╛╨║╤â╨╝╨╡╨╜╤é╤ï ╨┤╨╗╤Å ╤â╤ç╨╡╤é╨░ ╨▒╤â╨╝╨░╨│ ╨┐╤Ç╨╕ ╨┤╨╡╨┐╨╛╨╖╨╕╤é╨░╤Ç╨╜╨╛╨╝ ╨┐╨╡╤Ç╨╡╨▓╨╛╨┤╨╡ ╨▓ ╨óΓÇæ╨æ╨░╨╜╨║,"**Что делать, если ценные бумаги были куплены у другого брокера и перед переводом в Т‑Банк их переводили между другими брокерами?**",131,20
╨ù╨░╤ç╨╡╨╝ ╨╜╤â╨╢╨╡╨╜ ╤ü╤é╨░╤é╤â╤ü ╨║╨▓╨░╨╗╨╕╤ä╨╕╤å╨╕╤Ç╨╛╨▓╨░╨╜╨╜╨╛╨│╨╛ ╨╕╨╜╨▓╨╡╤ü╤é╨╛╤Ç╨░,**Что такое статус квалифицированного инвестора и зачем его получать?**,71,9
╨ù╨░╤ç╨╡╨╝ ╨╜╤â╨╢╨╡╨╜ ╤ü╤é╨░╤é╤â╤ü ╨║╨▓╨░╨╗╨╕╤ä╨╕╤å╨╕╤Ç╨╛╨▓╨░╨╜╨╜╨╛╨│╨╛ ╨╕╨╜╨▓╨╡╤ü╤é╨╛╤Ç╨░,**Какие финансовые инструменты доступны квалифицированным инвесторам?**,71,6
╨ù╨░╤ç╨╡╨╝ ╨╜╤â╨╢╨╡╨╜ ╤ü╤é╨░╤é╤â╤ü ╨║╨▓╨░╨╗╨╕╤ä╨╕╤å╨╕╤Ç╨╛╨▓╨░╨╜╨╜╨╛╨│╨╛ ╨╕╨╜╨▓╨╡╤ü╤é╨╛╤Ç╨░,"**Какие условия нужно выполнить, чтобы получить статус квалифицированного инвестора?**",86,9
╨ù╨░╤ç╨╡╨╝ ╨╜╤â╨╢╨╡╨╜ ╤ü╤é╨░╤é╤â╤ü ╨║╨▓╨░╨╗╨╕╤ä╨╕╤å╨╕╤Ç╨╛╨▓╨░╨╜╨╜╨╛╨│╨╛ ╨╕╨╜╨▓╨╡╤ü╤é╨╛╤Ç╨░,**Какие документы подтверждают статус квалифицированного инвестора?**,69,6
╨ù╨░╤ç╨╡╨╝ ╨╜╤â╨╢╨╡╨╜ ╤ü╤é╨░╤é╤â╤ü ╨║╨▓╨░╨╗╨╕╤ä╨╕╤å╨╕╤Ç╨╛╨▓╨░╨╜╨╜╨╛╨│╨╛ ╨╕╨╜╨▓╨╡╤ü╤é╨╛╤Ç╨░,**Какие преимущества дает статус квалифицированного инвестора?**,64,6
╨¥╨░╨╗╨╛╨│ ╨╜╨░ ╨╝╨░╤é╨╡╤Ç╨╕╨░╨╗╤î╨╜╤â╤Ä ╨▓╤ï╨│╨╛╨┤╤â ╨┤╨╗╤Å ╨╕╨╜╨▓╨╡╤ü╤é╨╛╤Ç╨╛╨▓,**Что такое налог на материальную выгоду и когда он применяется при инвестициях?**,82,12
╨¥╨░╨╗╨╛╨│ ╨╜╨░ ╨╝╨░╤é╨╡╤Ç╨╕╨░╨╗╤î╨╜╤â╤Ä ╨▓╤ï╨│╨╛╨┤╤â ╨┤╨╗╤Å ╨╕╨╜╨▓╨╡╤ü╤é╨╛╤Ç╨╛╨▓,**Как рассчитывается налог на материальную выгоду при покупке акций на внебиржевом рынке?**,91,12
╨¥╨░╨╗╨╛╨│ ╨╜╨░ ╨╝╨░╤é╨╡╤Ç╨╕╨░╨╗╤î╨╜╤â╤Ä ╨▓╤ï╨│╨╛╨┤╤â ╨┤╨╗╤Å ╨╕╨╜╨▓╨╡╤ü╤é╨╛╤Ç╨╛╨▓,**Может ли материальная выгода снизить налоговую базу от продажи бумаги?**,74,10
╨¥╨░╨╗╨╛╨│ ╨╜╨░ ╨╝╨░╤é╨╡╤Ç╨╕╨░╨╗╤î╨╜╤â╤Ä ╨▓╤ï╨│╨╛╨┤╤â ╨┤╨╗╤Å ╨╕╨╜╨▓╨╡╤ü╤é╨╛╤Ç╨╛╨▓,"**Как узнать сумму налога на материальную выгоду, который был удержан с покупки ценных бумаг?**",95,14
╨¥╨░╨╗╨╛╨│ ╨╜╨░ ╨╝╨░╤é╨╡╤Ç╨╕╨░╨╗╤î╨╜╤â╤Ä ╨▓╤ï╨│╨╛╨┤╤â ╨┤╨╗╤Å ╨╕╨╜╨▓╨╡╤ü╤é╨╛╤Ç╨╛╨▓,,0,0
╨É╨║╤å╨╕╨╕ ╨▓╨╜╨╡ ╨║╨╛╤é╨╕╤Ç╨╛╨▓╨░╨╗╤î╨╜╤ï╤à ╤ü╨┐╨╕╤ü╨║╨╛╨▓,**Что такое котировальные уровни и как они влияют на акции компаний вне котировальных списков?**,96,14
╨É╨║╤å╨╕╨╕ ╨▓╨╜╨╡ ╨║╨╛╤é╨╕╤Ç╨╛╨▓╨░╨╗╤î╨╜╤ï╤à ╤ü╨┐╨╕╤ü╨║╨╛╨▓,**Какие риски связаны с акциями вне котировальных списков?**,60,8
╨É╨║╤å╨╕╨╕ ╨▓╨╜╨╡ ╨║╨╛╤é╨╕╤Ç╨╛╨▓╨░╨╗╤î╨╜╤ï╤à ╤ü╨┐╨╕╤ü╨║╨╛╨▓,**Каковы признаки акций вне котировальных списков?**,52,6
╨É╨║╤å╨╕╨╕ ╨▓╨╜╨╡ ╨║╨╛╤é╨╕╤Ç╨╛╨▓╨░╨╗╤î╨╜╤ï╤à ╤ü╨┐╨╕╤ü╨║╨╛╨▓,"**Почему акции вне котировальных списков могут торговаться как на бирже, так и на внебиржевом рынке?**",102,15
╨í╤Ç╨╛╤ç╨╜╤ï╨╕╠å ╤Ç╤ï╨╜╨╛╨║,Что такое срочный рынок?,24,4
╨í╤Ç╨╛╤ç╨╜╤ï╨╕╠å ╤Ç╤ï╨╜╨╛╨║,Что такое деривативы?,21,3
╨í╤Ç╨╛╤ç╨╜╤ï╨╕╠å ╤Ç╤ï╨╜╨╛╨║,Кто может торговать на срочном рынке?,37,6
╨í╤Ç╨╛╤ç╨╜╤ï╨╕╠å ╤Ç╤ï╨╜╨╛╨║,Что такое фьючерсы и для чего они нужны?,40,8
╨í╤Ç╨╛╤ç╨╜╤ï╨╕╠å ╤Ç╤ï╨╜╨╛╨║,Что такое опционы и как они работают?,37,7
╨º╤é╨╛ ╨╜╤â╨╢╨╜╨╛ ╨┤╨╗╤Å ╤ü╤é╨░╤é╤â╤ü╨░ ╨║╨▓╨░╨╗╨╕╤ä╨╕╤å╨╕╤Ç╨╛╨▓╨░╨╜╨╜╨╛╨│╨╛ ╨╕╨╜╨▓╨╡╤ü╤é╨╛╤Ç╨░,Какие основные требования для получения статуса квалифицированного инвестора?,77,8
╨º╤é╨╛ ╨╜╤â╨╢╨╜╨╛ ╨┤╨╗╤Å ╤ü╤é╨░╤é╤â╤ü╨░ ╨║╨▓╨░╨╗╨╕╤ä╨╕╤å╨╕╤Ç╨╛╨▓╨░╨╜╨╜╨╛╨│╨╛ ╨╕╨╜╨▓╨╡╤ü╤é╨╛╤Ç╨░,"Какие документы нужно предоставить, если у меня уже есть статус квалифицированного инвестора у другого брокера?",111,15
╨º╤é╨╛ ╨╜╤â╨╢╨╜╨╛ ╨┤╨╗╤Å ╤ü╤é╨░╤é╤â╤ü╨░ ╨║╨▓╨░╨╗╨╕╤ä╨╕╤å╨╕╤Ç╨╛╨▓╨░╨╜╨╜╨╛╨│╨╛ ╨╕╨╜╨▓╨╡╤ü╤é╨╛╤Ç╨░,Какие требования к квалифицированным инвесторам по обороту?,59,7
╨º╤é╨╛ ╨╜╤â╨╢╨╜╨╛ ╨┤╨╗╤Å ╤ü╤é╨░╤é╤â╤ü╨░ ╨║╨▓╨░╨╗╨╕╤ä╨╕╤å╨╕╤Ç╨╛╨▓╨░╨╜╨╜╨╛╨│╨╛ ╨╕╨╜╨▓╨╡╤ü╤é╨╛╤Ç╨░,Какие требования к квалифицированным инвесторам по активам?,59,7
╨Ü╨░╨║ ╨┐╨╛╨║╤â╨┐╨░╤é╤î ╨╕ ╨┐╤Ç╨╛╨┤╨░╨▓╨░╤é╤î ╤å╨╡╨╜╨╜╤ï╨╡ ╨▒╤â╨╝╨░╨│╨╕ ╨╕ ╨▓╨░╨╗╤Ä╤é╤â,**Какие активы доступны для покупки на брокерском счете в Т⁠-⁠Инвестициях?**,76,10
╨Ü╨░╨║ ╨┐╨╛╨║╤â╨┐╨░╤é╤î ╨╕ ╨┐╤Ç╨╛╨┤╨░╨▓╨░╤é╤î ╤å╨╡╨╜╨╜╤ï╨╡ ╨▒╤â╨╝╨░╨│╨╕ ╨╕ ╨▓╨░╨╗╤Ä╤é╤â,**Как пополнить брокерский счет в Т⁠-⁠Инвестициях?**,52,6
╨Ü╨░╨║ ╨┐╨╛╨║╤â╨┐╨░╤é╤î ╨╕ ╨┐╤Ç╨╛╨┤╨░╨▓╨░╤é╤î ╤å╨╡╨╜╨╜╤ï╨╡ ╨▒╤â╨╝╨░╨│╨╕ ╨╕ ╨▓╨░╨╗╤Ä╤é╤â,**Какая комиссия взимается за покупку ценных бумаг и валюты на брокерском счете?**,82,12
╨Ü╨░╨║ ╨┐╨╛╨║╤â╨┐╨░╤é╤î ╨╕ ╨┐╤Ç╨╛╨┤╨░╨▓╨░╤é╤î ╤å╨╡╨╜╨╜╤ï╨╡ ╨▒╤â╨╝╨░╨│╨╕ ╨╕ ╨▓╨░╨╗╤Ä╤é╤â,**Как продать ценные бумаги или валюту на брокерском счете?**,61,9
╨Ü╨░╨║ ╨┐╨╛╨║╤â╨┐╨░╤é╤î ╨╕ ╨┐╤Ç╨╛╨┤╨░╨▓╨░╤é╤î ╤å╨╡╨╜╨╜╤ï╨╡ ╨▒╤â╨╝╨░╨│╨╕ ╨╕ ╨▓╨░╨╗╤Ä╤é╤â,**Что такое лимитная заявка и как ее использовать при продаже ценных бумаг?**,77,12
╨Æ╤ï╤ü╨╛╨║╨╛╨┤╨╛╤à╨╛╨┤╨╜╤ï╨╡ ╨╛╨▒╨╗╨╕╨│╨░╤å╨╕╨╕ ╤ü ╨╜╨╕╨╖╨║╨╕╨╝ ╤Ç╨╡╨╕╠å╤é╨╕╨╜╨│╨╛╨╝ (╨Æ╨ö╨₧),**Что такое высокодоходные облигации (ВДО)?**,45,5
╨Æ╤ï╤ü╨╛╨║╨╛╨┤╨╛╤à╨╛╨┤╨╜╤ï╨╡ ╨╛╨▒╨╗╨╕╨│╨░╤å╨╕╨╕ ╤ü ╨╜╨╕╨╖╨║╨╕╨╝ ╤Ç╨╡╨╕╠å╤é╨╕╨╜╨│╨╛╨╝ (╨Æ╨ö╨₧),**Почему высокодоходные облигации имеют повышенный риск?**,58,6
╨Æ╤ï╤ü╨╛╨║╨╛╨┤╨╛╤à╨╛╨┤╨╜╤ï╨╡ ╨╛╨▒╨╗╨╕╨│╨░╤å╨╕╨╕ ╤ü ╨╜╨╕╨╖╨║╨╕╨╝ ╤Ç╨╡╨╕╠å╤é╨╕╨╜╨│╨╛╨╝ (╨Æ╨ö╨₧),**Какие риски связаны с инвестированием в высокодоходные облигации?**,69,8
╨Æ╤ï╤ü╨╛╨║╨╛╨┤╨╛╤à╨╛╨┤╨╜╤ï╨╡ ╨╛╨▒╨╗╨╕╨│╨░╤å╨╕╨╕ ╤ü ╨╜╨╕╨╖╨║╨╕╨╝ ╤Ç╨╡╨╕╠å╤é╨╕╨╜╨│╨╛╨╝ (╨Æ╨ö╨₧),"**Как определить, есть ли у облигации кредитный рейтинг?**",58,8
╨Æ╤ï╤ü╨╛╨║╨╛╨┤╨╛╤à╨╛╨┤╨╜╤ï╨╡ ╨╛╨▒╨╗╨╕╨│╨░╤å╨╕╨╕ ╤ü ╨╜╨╕╨╖╨║╨╕╨╝ ╤Ç╨╡╨╕╠å╤é╨╕╨╜╨│╨╛╨╝ (╨Æ╨ö╨₧),**Как можно снизить риски при инвестировании в высокодоходные облигации?**,74,9
╨Ü╨░╨║ ╨▓╨╗╨╛╨╢╨╕╤é╤î ╨┤╨╡╨╜╤î╨│╨╕ ╨▓ ╤ä╨╛╨╜╨┤╤ï ╨óΓüá-Γüá╨Ü╨░╨┐╨╕╤é╨░╨╗╨░,**Какая минимальная сумма для инвестирования в фонды Т⁠-⁠Капитала?**,68,8
╨Ü╨░╨║ ╨▓╨╗╨╛╨╢╨╕╤é╤î ╨┤╨╡╨╜╤î╨│╨╕ ╨▓ ╤ä╨╛╨╜╨┤╤ï ╨óΓüá-Γüá╨Ü╨░╨┐╨╕╤é╨░╨╗╨░,**Какие комиссии взимаются при покупке и продаже паев фондов Т⁠-⁠Капитала?**,76,10
╨Ü╨░╨║ ╨▓╨╗╨╛╨╢╨╕╤é╤î ╨┤╨╡╨╜╤î╨│╨╕ ╨▓ ╤ä╨╛╨╜╨┤╤ï ╨óΓüá-Γüá╨Ü╨░╨┐╨╕╤é╨░╨╗╨░,**Как можно проверить состав активов фонда в реальном времени?**,64,9
╨Ü╨░╨║ ╨▓╨╗╨╛╨╢╨╕╤é╤î ╨┤╨╡╨╜╤î╨│╨╕ ╨▓ ╤ä╨╛╨╜╨┤╤ï ╨óΓüá-Γüá╨Ü╨░╨┐╨╕╤é╨░╨╗╨░,**Как подтвердить владение паями фондов Т⁠-⁠Капитала?**,55,6
╨Ü╨░╨║ ╨▓╨╗╨╛╨╢╨╕╤é╤î ╨┤╨╡╨╜╤î╨│╨╕ ╨▓ ╤ä╨╛╨╜╨┤╤ï ╨óΓüá-Γüá╨Ü╨░╨┐╨╕╤é╨░╨╗╨░,**Какие налоги взимаются с дохода от паев фондов Т⁠-⁠Капитала?**,64,9
╨Æ╨░╨╗╤Ä╤é╨╜╨╛╨╡ ╨╖╨░╨║╨╛╨╜╨╛╨┤╨░╤é╨╡╨╗╤î╤ü╤é╨▓╨╛,**Что такое валютное законодательство и как оно влияет на частных лиц и бизнес?**,81,13
╨Æ╨░╨╗╤Ä╤é╨╜╨╛╨╡ ╨╖╨░╨║╨╛╨╜╨╛╨┤╨░╤é╨╡╨╗╤î╤ü╤é╨▓╨╛,**Какие требования предъявляются к иностранным счетам физических лиц и как их соблюдать?**,90,12
╨Æ╨░╨╗╤Ä╤é╨╜╨╛╨╡ ╨╖╨░╨║╨╛╨╜╨╛╨┤╨░╤é╨╡╨╗╤î╤ü╤é╨▓╨╛,**Как отчитаться о движении денежных средств и финансовых активов по иностранному счету?**,90,12
╨Æ╨░╨╗╤Ä╤é╨╜╨╛╨╡ ╨╖╨░╨║╨╛╨╜╨╛╨┤╨░╤é╨╡╨╗╤î╤ü╤é╨▓╨╛,"**Какие последствия могут быть, если не отчитаться об иностранных счетах?**",75,10
╨Æ╨╜╨╡╨▒╨╕╤Ç╨╢╨╡╨▓╤ï╨╡ ╤é╨╛╤Ç╨│╨╕ ╤Ç╨╛╤ü╤ü╨╕╨╕╠å╤ü╨║╨╕╨╝╨╕ ╨░╨║╤å╨╕╤Å╨╝╨╕ ╨▒╨╡╨╖ ╨╗╨╕╤ü╤é╨╕╨╜╨│╨░ ╨╜╨░ ╨£╨╛╤ü╨║╨╛╨▓╤ü╨║╨╛╨╕╠å ╨▒╨╕╤Ç╨╢╨╡,**Что значит торговля акциями без листинга?**,45,6
╨Æ╨╜╨╡╨▒╨╕╤Ç╨╢╨╡╨▓╤ï╨╡ ╤é╨╛╤Ç╨│╨╕ ╤Ç╨╛╤ü╤ü╨╕╨╕╠å╤ü╨║╨╕╨╝╨╕ ╨░╨║╤å╨╕╤Å╨╝╨╕ ╨▒╨╡╨╖ ╨╗╨╕╤ü╤é╨╕╨╜╨│╨░ ╨╜╨░ ╨£╨╛╤ü╨║╨╛╨▓╤ü╨║╨╛╨╕╠å ╨▒╨╕╤Ç╨╢╨╡,**Какими российскими акциями без листинга можно торговать в Т‑Банке?**,70,9
╨Æ╨╜╨╡╨▒╨╕╤Ç╨╢╨╡╨▓╤ï╨╡ ╤é╨╛╤Ç╨│╨╕ ╤Ç╨╛╤ü╤ü╨╕╨╕╠å╤ü╨║╨╕╨╝╨╕ ╨░╨║╤å╨╕╤Å╨╝╨╕ ╨▒╨╡╨╖ ╨╗╨╕╤ü╤é╨╕╨╜╨│╨░ ╨╜╨░ ╨£╨╛╤ü╨║╨╛╨▓╤ü╨║╨╛╨╕╠å ╨▒╨╕╤Ç╨╢╨╡,**Как проходят сделки с акциями без листинга?**,47,7
╨Æ╨╜╨╡╨▒╨╕╤Ç╨╢╨╡╨▓╤ï╨╡ ╤é╨╛╤Ç╨│╨╕ ╤Ç╨╛╤ü╤ü╨╕╨╕╠å╤ü╨║╨╕╨╝╨╕ ╨░╨║╤å╨╕╤Å╨╝╨╕ ╨▒╨╡╨╖ ╨╗╨╕╤ü╤é╨╕╨╜╨│╨░ ╨╜╨░ ╨£╨╛╤ü╨║╨╛╨▓╤ü╨║╨╛╨╕╠å ╨▒╨╕╤Ç╨╢╨╡,**Как купить и продать внебиржевые акции без листинга?**,56,8
╨Æ╨╜╨╡╨▒╨╕╤Ç╨╢╨╡╨▓╤ï╨╡ ╤é╨╛╤Ç╨│╨╕ ╤Ç╨╛╤ü╤ü╨╕╨╕╠å╤ü╨║╨╕╨╝╨╕ ╨░╨║╤å╨╕╤Å╨╝╨╕ ╨▒╨╡╨╖ ╨╗╨╕╤ü╤é╨╕╨╜╨│╨░ ╨╜╨░ ╨£╨╛╤ü╨║╨╛╨▓╤ü╨║╨╛╨╕╠å ╨▒╨╕╤Ç╨╢╨╡,**Какая комиссия за сделки с российскими внебиржевыми бумагами?**,65,8
╨á╨╡╨╢╨╕╨╝╤ï ╤é╨╛╤Ç╨│╨╛╨▓,**Что такое режим торгов Т+1 и как он влияет на инвестора?**,60,11
╨á╨╡╨╢╨╕╨╝╤ï ╤é╨╛╤Ç╨│╨╛╨▓,**Что такое дискретный аукцион и когда он проводится?**,55,8
╨á╨╡╨╢╨╕╨╝╤ï ╤é╨╛╤Ç╨│╨╛╨▓,**Что такое премаркет и постмаркет и как они влияют на торговлю?**,66,11
╨á╨╡╨╢╨╕╨╝╤ï ╤é╨╛╤Ç╨│╨╛╨▓,**Что такое аукционы открытия и закрытия и зачем они нужны?**,61,10
╨á╨╡╨╢╨╕╨╝╤ï ╤é╨╛╤Ç╨│╨╛╨▓,**Как частному инвестору учитывать режимы торгов при покупке акций для получения дивидендов?**,94,12
╨Ü╨░╨║ ╤â╤ü╤é╤Ç╨╛╨╡╨╜╨░ ╨▒╨╕╤Ç╨╢╨░ ╨╛╨┐╤å╨╕╨╛╨╜╨╛╨▓,**Что такое опционы и чем они отличаются от фьючерсов?**,56,9
╨Ü╨░╨║ ╤â╤ü╤é╤Ç╨╛╨╡╨╜╨░ ╨▒╨╕╤Ç╨╢╨░ ╨╛╨┐╤å╨╕╨╛╨╜╨╛╨▓,**Что такое опционы колл и пут?**,33,6
╨Ü╨░╨║ ╤â╤ü╤é╤Ç╨╛╨╡╨╜╨░ ╨▒╨╕╤Ç╨╢╨░ ╨╛╨┐╤å╨╕╨╛╨╜╨╛╨▓,**Чем отличаются европейские и американские опционы?**,54,6
╨Ü╨░╨║ ╤â╤ü╤é╤Ç╨╛╨╡╨╜╨░ ╨▒╨╕╤Ç╨╢╨░ ╨╛╨┐╤å╨╕╨╛╨╜╨╛╨▓,**Какие виды опционов бывают по способу исполнения контракта?**,63,8
╨Ü╨░╨║ ╤â╤ü╤é╤Ç╨╛╨╡╨╜╨░ ╨▒╨╕╤Ç╨╢╨░ ╨╛╨┐╤å╨╕╨╛╨╜╨╛╨▓,**Как определить цену опциона?**,32,4
╨ÿ╨╜╨╛╤ü╤é╤Ç╨░╨╜╨╜╤ï╨╡ ╨░╨║╤å╨╕╨╕,Какие основные риски при инвестировании в иностранные акции?,60,8
╨ÿ╨╜╨╛╤ü╤é╤Ç╨░╨╜╨╜╤ï╨╡ ╨░╨║╤å╨╕╨╕,Как рассчитывается налог на доход от продажи иностранных акций?,63,9
╨ÿ╨╜╨╛╤ü╤é╤Ç╨░╨╜╨╜╤ï╨╡ ╨░╨║╤å╨╕╨╕,Как налоговая служба России учитывает доход от дивидендов по иностранным акциям?,80,11
╨Ü╨░╨║ ╨▓╤ï╤ü╤é╨░╨▓╨╗╤Å╤é╤î ╨▒╨╕╤Ç╨╢╨╡╨▓╤ï╨╡ ╨╖╨░╤Å╨▓╨║╨╕,**Что такое лимитная заявка и как она работает?**,49,8
╨Ü╨░╨║ ╨▓╤ï╤ü╤é╨░╨▓╨╗╤Å╤é╤î ╨▒╨╕╤Ç╨╢╨╡╨▓╤ï╨╡ ╨╖╨░╤Å╨▓╨║╨╕,**Как выставить лимитную заявку в приложении Т⁠-⁠Инвестиций?**,62,7
╨Ü╨░╨║ ╨▓╤ï╤ü╤é╨░╨▓╨╗╤Å╤é╤î ╨▒╨╕╤Ç╨╢╨╡╨▓╤ï╨╡ ╨╖╨░╤Å╨▓╨║╨╕,**Что такое рыночная заявка и как она работает?**,49,8
╨Ü╨░╨║ ╨▓╤ï╤ü╤é╨░╨▓╨╗╤Å╤é╤î ╨▒╨╕╤Ç╨╢╨╡╨▓╤ï╨╡ ╨╖╨░╤Å╨▓╨║╨╕,**Как выставить рыночную заявку в приложении Т⁠-⁠Инвестиций?**,62,7
╨Ü╨░╨║ ╨▓╤ï╤ü╤é╨░╨▓╨╗╤Å╤é╤î ╨▒╨╕╤Ç╨╢╨╡╨▓╤ï╨╡ ╨╖╨░╤Å╨▓╨║╨╕,**Что такое заявка «Лучшая цена» и как она работает?**,54,9
╨¥╤â╨╢╨╜╨╛ ╨╗╨╕ ╨╖╨░╨║╤Ç╤ï╨▓╨░╤é╤î ╨▒╤Ç╨╛╨║╨╡╤Ç╤ü╨║╨╕╨╕╠å ╤ü╤ç╨╡╤é,"**Нужно ли закрывать брокерский счет, если он сейчас не используется?**",71,10
╨¥╤â╨╢╨╜╨╛ ╨╗╨╕ ╨╖╨░╨║╤Ç╤ï╨▓╨░╤é╤î ╨▒╤Ç╨╛╨║╨╡╤Ç╤ü╨║╨╕╨╕╠å ╤ü╤ç╨╡╤é,**Как закрыть брокерский счет в приложении Т-Инвестиций?**,58,7
╨¥╤â╨╢╨╜╨╛ ╨╗╨╕ ╨╖╨░╨║╤Ç╤ï╨▓╨░╤é╤î ╨▒╤Ç╨╛╨║╨╡╤Ç╤ü╨║╨╕╨╕╠å ╤ü╤ç╨╡╤é,"**Можно ли отменить заявку на открытие еще одного брокерского счета, если она уже отправлена?**",95,14
╨¥╤â╨╢╨╜╨╛ ╨╗╨╕ ╨╖╨░╨║╤Ç╤ï╨▓╨░╤é╤î ╨▒╤Ç╨╛╨║╨╡╤Ç╤ü╨║╨╕╨╕╠å ╤ü╤ç╨╡╤é,**Какие условия нужно выполнить перед закрытием брокерского счета?**,68,8
╨¥╤â╨╢╨╜╨╛ ╨╗╨╕ ╨╖╨░╨║╤Ç╤ï╨▓╨░╤é╤î ╨▒╤Ç╨╛╨║╨╡╤Ç╤ü╨║╨╕╨╕╠å ╤ü╤ç╨╡╤é,**Как перевести деньги между брокерскими счетами в Т-Инвестициях?**,67,8
╨ò╨▓╤Ç╨╛╨╛╨▒╨╗╨╕╨│╨░╤å╨╕╨╕,Что такое еврооблигации?,24,3
╨ò╨▓╤Ç╨╛╨╛╨▒╨╗╨╕╨│╨░╤å╨╕╨╕,Какие риски связаны с еврооблигациями?,38,5
╨ò╨▓╤Ç╨╛╨╛╨▒╨╗╨╕╨│╨░╤å╨╕╨╕,Как происходит налогообложение еврооблигаций?,45,4
╨ò╨▓╤Ç╨╛╨╛╨▒╨╗╨╕╨│╨░╤å╨╕╨╕,Как оценить кредитный рейтинг еврооблигаций?,44,5
╨ó╨╕╨┐╤ï ╨║╤â╨┐╨╛╨╜╨╛╨▓ ╨┐╨╛ ╨╛╨▒╨╗╨╕╨│╨░╤å╨╕╤Å╨╝,**Что такое фиксированный купон и как он работает?**,52,8
╨ó╨╕╨┐╤ï ╨║╤â╨┐╨╛╨╜╨╛╨▓ ╨┐╨╛ ╨╛╨▒╨╗╨╕╨│╨░╤å╨╕╤Å╨╝,**Какие особенности облигаций с фиксированным купоном?**,56,6
╨ó╨╕╨┐╤ï ╨║╤â╨┐╨╛╨╜╨╛╨▓ ╨┐╨╛ ╨╛╨▒╨╗╨╕╨│╨░╤å╨╕╤Å╨╝,**Что такое плавающий купон (флоатер)?**,40,5
╨ó╨╕╨┐╤ï ╨║╤â╨┐╨╛╨╜╨╛╨▓ ╨┐╨╛ ╨╛╨▒╨╗╨╕╨│╨░╤å╨╕╤Å╨╝,**Как рассчитывается размер купона по облигациям с плавающим купоном?**,71,9
╨ó╨╕╨┐╤ï ╨║╤â╨┐╨╛╨╜╨╛╨▓ ╨┐╨╛ ╨╛╨▒╨╗╨╕╨│╨░╤å╨╕╤Å╨╝,**Какие преимущества облигаций с плавающим купоном?**,53,6
╨ƒ╨╛╤Ç╤é╤ä╨╡╨╗╤î╨╜╨╛╨╡ ╨╕╨╜╨▓╨╡╤ü╤é╨╕╤Ç╨╛╨▓╨░╨╜╨╕╨╡,Что такое портфельное инвестирование?,37,4
╨ƒ╨╛╤Ç╤é╤ä╨╡╨╗╤î╨╜╨╛╨╡ ╨╕╨╜╨▓╨╡╤ü╤é╨╕╤Ç╨╛╨▓╨░╨╜╨╕╨╡,Какие преимущества портфельного инвестирования от Т-Инвестиций?,63,6
╨ƒ╨╛╤Ç╤é╤ä╨╡╨╗╤î╨╜╨╛╨╡ ╨╕╨╜╨▓╨╡╤ü╤é╨╕╤Ç╨╛╨▓╨░╨╜╨╕╨╡,Какие риски существуют в портфельном инвестировании?,52,6
╨ƒ╨╛╤Ç╤é╤ä╨╡╨╗╤î╨╜╨╛╨╡ ╨╕╨╜╨▓╨╡╤ü╤é╨╕╤Ç╨╛╨▓╨░╨╜╨╕╨╡,Надо ли открывать отдельный счет для портфельного инвестирования?,65,8
╨ƒ╨╛╤Ç╤é╤ä╨╡╨╗╤î╨╜╨╛╨╡ ╨╕╨╜╨▓╨╡╤ü╤é╨╕╤Ç╨╛╨▓╨░╨╜╨╕╨╡,Как подключить и использовать портфельное инвестирование?,57,6
╨ö╨╛╤à╨╛╨┤╨╜╨╛╤ü╤é╤î ╨┐╨╛╤Ç╤é╤ä╨╡╨╗╤Å ╨╕ ╨░╨╜╨░╨╗╨╕╤é╨╕╨║╨░,"Как узнать доходность инвестиционного портфеля с учетом дивидендов, купонов, выводов и пополнений?",98,12
╨ö╨╛╤à╨╛╨┤╨╜╨╛╤ü╤é╤î ╨┐╨╛╤Ç╤é╤ä╨╡╨╗╤Å ╨╕ ╨░╨╜╨░╨╗╨╕╤é╨╕╨║╨░,Почему доходность на главном экране отличается от доходности в разделе «Аналитика портфеля»?,92,12
╨ö╨╛╤à╨╛╨┤╨╜╨╛╤ü╤é╤î ╨┐╨╛╤Ç╤é╤ä╨╡╨╗╤Å ╨╕ ╨░╨╜╨░╨╗╨╕╤é╨╕╨║╨░,Как доходность портфеля влияет на сумму налогов?,48,7
╨ö╨╛╤à╨╛╨┤╨╜╨╛╤ü╤é╤î ╨┐╨╛╤Ç╤é╤ä╨╡╨╗╤Å ╨╕ ╨░╨╜╨░╨╗╨╕╤é╨╕╨║╨░,Как посмотреть раздел «Аналитика портфеля»?,43,5
╨ö╨╛╤à╨╛╨┤╨╜╨╛╤ü╤é╤î ╨┐╨╛╤Ç╤é╤ä╨╡╨╗╤Å ╨╕ ╨░╨╜╨░╨╗╨╕╤é╨╕╨║╨░,Как рассчитать доходность инвестиций?,37,4
╨ÿ╨╜╨▓╨╡╤ü╤é╨║╨╛╨┐╨╕╨╗╨║╨░,Что такое Инвесткопилка?,24,3
╨ÿ╨╜╨▓╨╡╤ü╤é╨║╨╛╨┐╨╕╨╗╨║╨░,Как работает Инвесткопилка?,27,3
╨ÿ╨╜╨▓╨╡╤ü╤é╨║╨╛╨┐╨╕╨╗╨║╨░,Чем Инвесткопилка отличается от накопительного и брокерского счетов?,68,8
╨ÿ╨╜╨▓╨╡╤ü╤é╨║╨╛╨┐╨╕╨╗╨║╨░,Куда инвестируются деньги в Инвесткопилке?,42,5
╨ÿ╨╜╨▓╨╡╤ü╤é╨║╨╛╨┐╨╕╨╗╨║╨░,Какую стратегию для Инвесткопилки выбрать?,42,5
